OrderId;Sequence;Status;Currency;Value;Value STR;CreationDate;ApprovedDate;ver
1080890965543-01;500005;canceled;PEN;88;88;03/12/2020;03/12/2020;88
1082760323647-01;500023;invoiced;PEN;125;125;10/12/2020;10/12/2020;125
1082740580135-01;500017;canceled;PEN;640;640;10/12/2020;10/12/2020;640
1082762132228-01;500021;invoiced;PEN;341;341;10/12/2020;10/12/2020;341
1082962816531-01;500027;invoiced;PEN;49;49;11/12/2020;11/12/2020;49
1083270251958-01;500031;invoiced;PEN;90;90;12/12/2020;12/12/2020;90
1083283501679-01;500033;invoiced;PEN;68;68;12/12/2020;12/12/2020;68
1083240722080-01;500029;invoiced;PEN;75;75;12/12/2020;12/12/2020;75
1083343046791-01;500087;invoiced;PEN;250;250;13/12/2020;13/12/2020;250
1083333112480-01;500079;invoiced;PEN;217;217;13/12/2020;13/12/2020;217
1083411596764-01;500101;invoiced;PEN;191;191;13/12/2020;13/12/2020;191
1083421931824-01;500105;invoiced;PEN;156;156;13/12/2020;13/12/2020;156
1083410957682-01;500099;invoiced;PEN;54;54;13/12/2020;13/12/2020;54
1083350243870-01;500093;invoiced;PEN;346;346;13/12/2020;13/12/2020;346
1083421035898-01;500109;invoiced;PEN;213;213;13/12/2020;13/12/2020;213
1083331904206-01;500075;invoiced;PEN;343;343;13/12/2020;13/12/2020;343
1083500198033-01;500271;invoiced;PEN;94;94;13/12/2020;13/12/2020;94
1083491502606-01;500255;invoiced;PEN;104;104;13/12/2020;13/12/2020;104
1083510041421-01;500307;invoiced;PEN;130;130;13/12/2020;13/12/2020;130
1083501260944-01;500281;invoiced;PEN;98;98;13/12/2020;13/12/2020;98
1083491225354-01;500253;invoiced;PEN;241;241;13/12/2020;13/12/2020;241
1083500104589-01;500269;invoiced;PEN;163;163;13/12/2020;13/12/2020;163
1083502408628-01;500261;invoiced;PEN;97;97;13/12/2020;13/12/2020;97
1083471905300-01;500189;invoiced;PEN;83;83;13/12/2020;13/12/2020;83
1083491139993-01;500251;invoiced;PEN;127;127;13/12/2020;13/12/2020;127
1083481391164-01;500223;invoiced;PEN;157;157;13/12/2020;13/12/2020;157
1083490565002-01;500245;invoiced;PEN;266;266;13/12/2020;13/12/2020;266
1083483484913-01;500213;invoiced;PEN;68;68;13/12/2020;13/12/2020;68
1083480193153-01;500217;invoiced;PEN;68;68;13/12/2020;13/12/2020;68
1083523205102-01;500333;invoiced;PEN;68;68;13/12/2020;13/12/2020;68
1083522711836-01;500325;invoiced;PEN;266;266;13/12/2020;13/12/2020;266
1083523262339-01;500337;invoiced;PEN;112;112;13/12/2020;13/12/2020;112
1083512163576-01;500291;invoiced;PEN;72;72;13/12/2020;13/12/2020;72
1083473236041-01;500195;invoiced;PEN;111;111;13/12/2020;13/12/2020;111
1083482380293-01;500211;invoiced;PEN;119;119;13/12/2020;13/12/2020;119
1083480106622-01;500215;invoiced;PEN;112;112;13/12/2020;13/12/2020;112
1083492895924-01;500233;invoiced;PEN;68;68;13/12/2020;13/12/2020;68
1083512943032-01;500301;invoiced;PEN;68;68;13/12/2020;13/12/2020;68
1083511989359-01;500285;invoiced;PEN;354;354;13/12/2020;13/12/2020;354
1083480310835-01;500219;invoiced;PEN;105;105;13/12/2020;13/12/2020;105
1083492242153-01;500229;invoiced;PEN;97;97;13/12/2020;13/12/2020;97
1083491966802-01;500225;invoiced;PEN;85;85;13/12/2020;13/12/2020;85
1083290813994-01;500039;invoiced;PEN;119;119;13/12/2020;13/12/2020;119
1083440377103-01;500153;invoiced;PEN;175;175;13/12/2020;13/12/2020;175
1083281401145-01;500035;invoiced;PEN;178;178;13/12/2020;13/12/2020;178
1083462829520-01;500175;invoiced;PEN;104;104;13/12/2020;13/12/2020;104
1083462742123-01;500173;invoiced;PEN;161;161;13/12/2020;13/12/2020;161
1083463423018-01;500179;invoiced;PEN;298;298;13/12/2020;13/12/2020;298
1083462449830-01;500171;invoiced;PEN;332;332;13/12/2020;13/12/2020;332
1083451600946-01;500163;invoiced;PEN;178;178;13/12/2020;13/12/2020;178
1083460076242-01;500181;invoiced;PEN;468;468;13/12/2020;13/12/2020;468
1083431052423-01;500129;invoiced;PEN;532;532;13/12/2020;13/12/2020;532
1083443052226-01;500147;invoiced;PEN;210;210;13/12/2020;13/12/2020;210
1083441979674-01;500139;invoiced;PEN;184;184;13/12/2020;13/12/2020;184
1083421700117-01;500111;invoiced;PEN;97;97;13/12/2020;13/12/2020;97
1083310400393-01;500053;invoiced;PEN;68;68;13/12/2020;13/12/2020;68
1083463063035-01;500177;invoiced;PEN;143;143;13/12/2020;13/12/2020;143
1083430298024-01;500119;invoiced;PEN;112;112;13/12/2020;13/12/2020;112
1083431206236-01;500131;invoiced;PEN;315;315;13/12/2020;13/12/2020;315
1083430591391-01;500121;invoiced;PEN;213;213;13/12/2020;13/12/2020;213
1083470573081-01;500201;invoiced;PEN;216;216;13/12/2020;13/12/2020;216
1083481970951-01;500207;invoiced;PEN;162;162;13/12/2020;13/12/2020;162
1083482005920-01;500209;invoiced;PEN;256;256;13/12/2020;13/12/2020;256
1083473243515-01;500197;invoiced;PEN;340;340;13/12/2020;13/12/2020;340
1083461583481-01;500187;invoiced;PEN;97;97;13/12/2020;13/12/2020;97
1083472840622-01;500193;invoiced;PEN;90;90;13/12/2020;13/12/2020;90
1083472626957-01;500191;invoiced;PEN;61;61;13/12/2020;13/12/2020;61
1083470274403-01;500199;invoiced;PEN;140;140;13/12/2020;13/12/2020;140
1083493516113-01;500237;invoiced;PEN;346;346;13/12/2020;13/12/2020;346
1083442123633-01;500141;invoiced;PEN;256;256;13/12/2020;13/12/2020;256
1083291378378-01;500041;invoiced;PEN;134;134;13/12/2020;13/12/2020;134
1083292682596-01;500037;invoiced;PEN;178;178;13/12/2020;13/12/2020;178
1083302519810-01;500045;invoiced;PEN;402;402;13/12/2020;13/12/2020;402
1083312396154-01;500051;invoiced;PEN;178;178;13/12/2020;13/12/2020;178
1083440517835-01;500155;invoiced;PEN;68;68;13/12/2020;13/12/2020;68
1083312273897-01;500049;invoiced;PEN;179;179;13/12/2020;13/12/2020;179
1083410683360-01;500097;invoiced;PEN;235;235;13/12/2020;13/12/2020;235
1083433029241-01;500117;invoiced;PEN;132;132;13/12/2020;13/12/2020;132
1083422924242-01;500107;invoiced;PEN;177;177;13/12/2020;13/12/2020;177
1083480947961-01;500221;invoiced;PEN;83;83;13/12/2020;13/12/2020;83
1083492249223-01;500231;invoiced;PEN;133;133;13/12/2020;13/12/2020;133
1083491752609-01;500257;invoiced;PEN;395;395;13/12/2020;13/12/2020;395
1083512878658-01;500299;invoiced;PEN;97;97;13/12/2020;13/12/2020;97
1083512404136-01;500293;invoiced;PEN;227;227;13/12/2020;13/12/2020;227
1083471602032-01;500205;invoiced;PEN;174;174;13/12/2020;13/12/2020;174
1083510022318-01;500305;invoiced;PEN;151;151;13/12/2020;13/12/2020;151
1083510789934-01;500315;invoiced;PEN;184;184;13/12/2020;13/12/2020;184
1083512972114-01;500303;invoiced;PEN;119;119;13/12/2020;13/12/2020;119
1083500944233-01;500277;invoiced;PEN;214;214;13/12/2020;13/12/2020;214
1083500935826-01;500275;invoiced;PEN;244;244;13/12/2020;13/12/2020;244
1083522920399-01;500329;invoiced;PEN;94;94;13/12/2020;13/12/2020;94
1083523124378-01;500331;invoiced;PEN;385;385;13/12/2020;13/12/2020;385
1083510580582-01;500311;invoiced;PEN;133;133;13/12/2020;13/12/2020;133
1083521856173-01;500321;invoiced;PEN;94;94;13/12/2020;13/12/2020;94
1083522125857-01;500323;invoiced;PEN;75;75;13/12/2020;13/12/2020;75
1083491790985-01;500259;invoiced;PEN;273;273;13/12/2020;13/12/2020;273
1083502841028-01;500265;invoiced;PEN;94;94;13/12/2020;13/12/2020;94
1083500740463-01;500273;invoiced;PEN;161;161;13/12/2020;13/12/2020;161
1083523434908-01;500339;invoiced;PEN;75;75;13/12/2020;13/12/2020;75
1083323021504-01;500057;handling;PEN;126;126;13/12/2020;13/12/2020;126
1083331473191-01;500085;invoiced;PEN;307;307;13/12/2020;13/12/2020;307
1083331833867-01;500073;invoiced;PEN;220;220;13/12/2020;13/12/2020;220
1083332774672-01;500077;invoiced;PEN;262;262;13/12/2020;13/12/2020;262
1083310827673-01;500055;invoiced;PEN;155;155;13/12/2020;13/12/2020;155
1083440186079-01;500151;invoiced;PEN;294;294;13/12/2020;13/12/2020;294
1083452681849-01;500161;invoiced;PEN;161;161;13/12/2020;13/12/2020;161
1083443355644-01;500149;invoiced;PEN;352;352;13/12/2020;13/12/2020;352
1083462072158-01;500167;invoiced;PEN;356;356;13/12/2020;13/12/2020;356
1083611549284-01;500475;invoiced;PEN;314;314;14/12/2020;14/12/2020;314
1083560367825-01;500453;invoiced;PEN;68;68;14/12/2020;14/12/2020;68
1083562008086-01;500447;invoiced;PEN;75;75;14/12/2020;14/12/2020;75
1083721670648-01;500495;invoiced;PEN;180;180;14/12/2020;14/12/2020;180
1083710428301-01;500491;invoiced;PEN;146;146;14/12/2020;14/12/2020;146
1083521735912-01;500357;invoiced;PEN;603;603;14/12/2020;14/12/2020;603
1083521573556-01;500351;invoiced;PEN;126;126;14/12/2020;14/12/2020;126
1083530793199-01;500375;invoiced;PEN;434;434;14/12/2020;14/12/2020;434
1083530850376-01;500379;invoiced;PEN;184;184;14/12/2020;14/12/2020;184
1083532893900-01;500363;invoiced;PEN;249;249;14/12/2020;14/12/2020;249
1083531441433-01;500385;invoiced;PEN;133;133;14/12/2020;14/12/2020;133
1083572573118-01;500461;handling;PEN;532;532;14/12/2020;14/12/2020;532
1083553410743-01;500435;invoiced;PEN;130;130;14/12/2020;14/12/2020;130
1083540759603-01;500407;invoiced;PEN;479;479;14/12/2020;14/12/2020;479
1083540497374-01;500403;invoiced;PEN;213;213;14/12/2020;14/12/2020;213
1083542205064-01;500389;invoiced;PEN;185;185;14/12/2020;14/12/2020;185
1083540989902-01;500409;invoiced;PEN;126;126;14/12/2020;14/12/2020;126
1083553197408-01;500433;invoiced;PEN;177;177;14/12/2020;14/12/2020;177
1083561053840-01;500455;invoiced;PEN;126;126;14/12/2020;14/12/2020;126
1083702339781-01;500489;invoiced;PEN;165;165;14/12/2020;14/12/2020;165
1083730586153-01;500499;invoiced;PEN;197;197;14/12/2020;14/12/2020;197
1083551413557-01;500443;invoiced;PEN;293;293;14/12/2020;14/12/2020;293
1083570077928-01;500471;invoiced;PEN;220;220;14/12/2020;14/12/2020;220
1083541369643-01;500413;invoiced;PEN;262;262;14/12/2020;14/12/2020;262
1083551937500-01;500421;invoiced;PEN;83;83;14/12/2020;14/12/2020;83
1083552614004-01;500427;invoiced;PEN;126;126;14/12/2020;14/12/2020;126
1083521239622-01;500347;invoiced;PEN;150;150;14/12/2020;14/12/2020;150
1083541302471-01;500411;invoiced;PEN;136;136;14/12/2020;14/12/2020;136
1083520449085-01;500343;invoiced;PEN;97;97;14/12/2020;14/12/2020;97
1083521713385-01;500355;invoiced;PEN;184;184;14/12/2020;14/12/2020;184
1083533042801-01;500365;invoiced;PEN;877;877;14/12/2020;14/12/2020;877
1083531145544-01;500383;invoiced;PEN;264;264;14/12/2020;14/12/2020;264
1083683002604-01;500479;invoiced;PEN;333;333;14/12/2020;14/12/2020;333
1083573597674-01;500469;invoiced;PEN;126;126;14/12/2020;14/12/2020;126
1083550389739-01;500441;invoiced;PEN;135;135;14/12/2020;14/12/2020;135
1083722933751-01;500493;invoiced;PEN;88;88;14/12/2020;14/12/2020;88
1083553072911-01;500431;invoiced;PEN;54;54;14/12/2020;14/12/2020;54
1083573129097-01;500465;invoiced;PEN;323;323;14/12/2020;14/12/2020;323
1083572766142-01;500463;invoiced;PEN;68;68;14/12/2020;14/12/2020;68
1083551414948-01;500445;invoiced;PEN;97;97;14/12/2020;14/12/2020;97
1083573353794-01;500467;invoiced;PEN;54;54;14/12/2020;14/12/2020;54
1083570097438-01;500473;invoiced;PEN;119;119;14/12/2020;14/12/2020;119
1083830560243-01;500537;invoiced;PEN;95;95;15/12/2020;15/12/2020;95
1083781186303-01;500511;invoiced;PEN;160;160;15/12/2020;15/12/2020;160
1083761792402-01;500503;invoiced;PEN;322;322;15/12/2020;15/12/2020;322
1083792331609-01;500515;invoiced;PEN;88;88;15/12/2020;15/12/2020;88
1083912643842-01;500551;invoiced;PEN;394;394;15/12/2020;15/12/2020;394
1083912430727-01;500549;invoiced;PEN;173;173;15/12/2020;15/12/2020;173
1083912655622-01;500553;invoiced;PEN;166;166;15/12/2020;15/12/2020;166
1083923232201-01;500559;invoiced;PEN;72;72;15/12/2020;15/12/2020;72
1083910326196-01;500555;invoiced;PEN;138;138;15/12/2020;15/12/2020;138
1083961040244-01;500605;invoiced;PEN;160;160;15/12/2020;15/12/2020;160
1083981990180-01;500613;invoiced;PEN;160;160;15/12/2020;15/12/2020;160
1083980233922-01;500615;invoiced;PEN;178;178;15/12/2020;15/12/2020;178
1083990171837-01;500621;invoiced;PEN;149;149;15/12/2020;15/12/2020;149
1083991542793-01;500631;invoiced;PEN;85;85;15/12/2020;15/12/2020;85
1083823501648-01;500535;invoiced;PEN;266;266;15/12/2020;15/12/2020;266
1083971945319-01;500607;invoiced;PEN;266;266;15/12/2020;15/12/2020;266
1083972854281-01;500609;invoiced;PEN;220;220;15/12/2020;15/12/2020;220
1083963287823-01;500601;invoiced;PEN;175;175;15/12/2020;15/12/2020;175
1083960628115-01;500603;invoiced;PEN;186;186;15/12/2020;15/12/2020;186
1083951627851-01;500595;invoiced;PEN;238;238;15/12/2020;15/12/2020;238
1083942706627-01;500573;invoiced;PEN;160;160;15/12/2020;15/12/2020;160
1083970424332-01;500611;invoiced;PEN;121;121;15/12/2020;15/12/2020;121
1083921021411-01;500561;invoiced;PEN;205;205;15/12/2020;15/12/2020;205
1083922302351-01;500557;invoiced;PEN;88;88;15/12/2020;15/12/2020;88
1083952481501-01;500587;invoiced;PEN;66;66;15/12/2020;15/12/2020;66
1083952115905-01;500585;invoiced;PEN;166;166;15/12/2020;15/12/2020;166
1083940043275-01;500577;invoiced;PEN;342;342;15/12/2020;15/12/2020;342
1083771401317-01;500505;invoiced;PEN;220;220;15/12/2020;15/12/2020;220
1083921702850-01;500563;invoiced;PEN;95;95;15/12/2020;15/12/2020;95
1083943266328-01;500575;invoiced;PEN;250;250;15/12/2020;15/12/2020;250
1083940736894-01;500579;invoiced;PEN;145;145;15/12/2020;15/12/2020;145
1084003306146-01;500637;invoiced;PEN;173;173;15/12/2020;15/12/2020;173
1084002222001-01;500633;invoiced;PEN;60;60;15/12/2020;15/12/2020;60
1084002905917-01;500635;invoiced;PEN;160;160;15/12/2020;15/12/2020;160
1083930666478-01;500567;invoiced;PEN;166;166;15/12/2020;15/12/2020;166
1083931651535-01;500571;invoiced;PEN;160;160;15/12/2020;15/12/2020;160
1083962744939-01;500599;invoiced;PEN;88;88;15/12/2020;15/12/2020;88
1083802250592-01;500519;handling;PEN;166;166;15/12/2020;15/12/2020;166
1083822797446-01;500533;handling;PEN;329;329;15/12/2020;15/12/2020;329
1083881268509-01;500541;invoiced;PEN;88;88;15/12/2020;15/12/2020;88
1083803241725-01;500527;invoiced;PEN;166;166;15/12/2020;15/12/2020;166
1083812817960-01;500529;invoiced;PEN;166;166;15/12/2020;15/12/2020;166
1083802969311-01;500525;invoiced;PEN;88;88;15/12/2020;15/12/2020;88
1083901817396-01;500547;invoiced;PEN;178;178;15/12/2020;15/12/2020;178
1083890435599-01;500543;invoiced;PEN;306;306;15/12/2020;15/12/2020;306
1083760383636-01;500501;invoiced;PEN;144;144;15/12/2020;15/12/2020;144
1083781496250-01;500513;invoiced;PEN;88;88;15/12/2020;15/12/2020;88
1083793180627-01;500517;invoiced;PEN;495;495;15/12/2020;15/12/2020;495
1083781956595-01;500507;invoiced;PEN;88;88;15/12/2020;15/12/2020;88
1084022338595-01;500647;invoiced;PEN;73;73;16/12/2020;16/12/2020;73
1084030012383-01;500655;invoiced;PEN;173;173;16/12/2020;16/12/2020;173
1084183009169-01;500769;invoiced;PEN;171;171;16/12/2020;16/12/2020;171
1084020751658-01;500651;invoiced;PEN;88;88;16/12/2020;16/12/2020;88
1084171254631-01;500755;invoiced;PEN;88;88;16/12/2020;16/12/2020;88
1084063166625-01;500671;invoiced;PEN;205;205;16/12/2020;16/12/2020;205
1084160345481-01;500707;invoiced;PEN;88;88;16/12/2020;16/12/2020;88
1084171273819-01;500757;invoiced;PEN;306;306;16/12/2020;16/12/2020;306
1084030656829-01;500657;handling;PEN;160;160;16/12/2020;16/12/2020;160
1084181572142-01;500783;invoiced;PEN;159;159;16/12/2020;16/12/2020;159
1084211873742-01;500817;invoiced;PEN;88;88;16/12/2020;16/12/2020;88
1084221549557-01;500833;invoiced;PEN;185;185;16/12/2020;16/12/2020;185
1084233202416-01;500835;invoiced;PEN;235;235;16/12/2020;16/12/2020;235
1084223043477-01;500827;invoiced;PEN;160;160;16/12/2020;16/12/2020;160
1084241833040-01;500837;invoiced;PEN;38;38;16/12/2020;16/12/2020;38
1084133117654-01;500695;invoiced;PEN;264;264;16/12/2020;16/12/2020;264
1084112909276-01;500679;handling;PEN;166;166;16/12/2020;16/12/2020;166
1084221005890-01;500831;invoiced;PEN;254;254;16/12/2020;16/12/2020;254
1084212867830-01;500819;invoiced;PEN;88;88;16/12/2020;16/12/2020;88
1084033142058-01;500653;invoiced;PEN;121;121;16/12/2020;16/12/2020;121
1084020318768-01;500649;invoiced;PEN;213;213;16/12/2020;16/12/2020;213
1084171969938-01;500727;invoiced;PEN;173;173;16/12/2020;16/12/2020;173
1084161335924-01;500721;invoiced;PEN;547;547;16/12/2020;16/12/2020;547
1084152635863-01;500703;invoiced;PEN;138;138;16/12/2020;16/12/2020;138
1084050135637-01;500667;invoiced;PEN;95;95;16/12/2020;16/12/2020;95
1084042964095-01;500665;invoiced;PEN;371;371;16/12/2020;16/12/2020;371
1084162480260-01;500705;invoiced;PEN;752;752;16/12/2020;16/12/2020;752
1084223498078-01;500829;invoiced;PEN;173;173;16/12/2020;16/12/2020;173
1084180955114-01;500778;invoiced;PEN;260;260;16/12/2020;16/12/2020;260
1084203370220-01;500811;invoiced;PEN;131;131;16/12/2020;16/12/2020;131
1084201231904-01;500813;invoiced;PEN;353;353;16/12/2020;16/12/2020;353
1084092242656-01;500675;invoiced;PEN;114;114;16/12/2020;16/12/2020;114
1084031583447-01;500661;invoiced;PEN;178;178;16/12/2020;16/12/2020;178
1084140979169-01;500701;invoiced;PEN;220;220;16/12/2020;16/12/2020;220
1084143518389-01;500697;invoiced;PEN;145;145;16/12/2020;16/12/2020;145
1084242343463-01;500839;invoiced;PEN;173;173;16/12/2020;16/12/2020;173
1084073326572-01;500673;handling;PEN;88;88;16/12/2020;16/12/2020;88
1084472569335-01;501041;invoiced;PEN;138;138;17/12/2020;17/12/2020;138
1084433226533-01;501007;invoiced;PEN;89;89;17/12/2020;17/12/2020;89
1084260743581-01;500895;invoiced;PEN;182;182;17/12/2020;17/12/2020;182
1084273452914-01;500905;invoiced;PEN;95;95;17/12/2020;17/12/2020;95
1084292719856-01;500947;invoiced;PEN;88;88;17/12/2020;17/12/2020;88
1084291497724-01;500949;invoiced;PEN;145;145;17/12/2020;17/12/2020;145
1084270205668-01;500911;invoiced;PEN;166;166;17/12/2020;17/12/2020;166
1084360541295-01;500957;invoiced;PEN;351;351;17/12/2020;17/12/2020;351
1084370760910-01;500963;invoiced;PEN;178;178;17/12/2020;17/12/2020;178
1084381714316-01;500971;invoiced;PEN;293;293;17/12/2020;17/12/2020;293
1084371190974-01;500965;invoiced;PEN;153;153;17/12/2020;17/12/2020;153
1084442427618-01;501015;invoiced;PEN;278;278;17/12/2020;17/12/2020;278
1084431309083-01;501011;invoiced;PEN;166;166;17/12/2020;17/12/2020;166
1084431861993-01;501005;invoiced;PEN;127;127;17/12/2020;17/12/2020;127
1084440961578-01;501019;invoiced;PEN;334;334;17/12/2020;17/12/2020;334
1084472122375-01;501039;invoiced;PEN;302;302;17/12/2020;17/12/2020;302
1084471129534-01;501045;invoiced;PEN;165;165;17/12/2020;17/12/2020;165
1084470842640-01;501043;invoiced;PEN;149;149;17/12/2020;17/12/2020;149
1084461095459-01;501037;invoiced;PEN;295;295;17/12/2020;17/12/2020;295
1084441222748-01;501023;invoiced;PEN;166;166;17/12/2020;17/12/2020;166
1084402013156-01;500985;invoiced;PEN;157;157;17/12/2020;17/12/2020;157
1084391093941-01;500977;invoiced;PEN;94;94;17/12/2020;17/12/2020;94
1084401384349-01;500991;invoiced;PEN;94;94;17/12/2020;17/12/2020;94
1084391129799-01;500981;invoiced;PEN;157;157;17/12/2020;17/12/2020;157
1084401155881-01;500989;invoiced;PEN;88;88;17/12/2020;17/12/2020;88
1084422977485-01;500993;invoiced;PEN;62;62;17/12/2020;17/12/2020;62
1084391295072-01;500983;invoiced;PEN;88;88;17/12/2020;17/12/2020;88
1084260793427-01;500897;invoiced;PEN;340;340;17/12/2020;17/12/2020;340
1084462043931-01;501033;canceled;PEN;60;60;17/12/2020;17/12/2020;60
1084420674817-01;501001;handling;PEN;992;992;17/12/2020;17/12/2020;992
1084263586815-01;500885;invoiced;PEN;153;153;17/12/2020;17/12/2020;153
1084270306872-01;500913;invoiced;PEN;127;127;17/12/2020;17/12/2020;127
1084291592652-01;500951;invoiced;PEN;88;88;17/12/2020;17/12/2020;88
1084251297361-01;500873;invoiced;PEN;155;155;17/12/2020;17/12/2020;155
1084260016724-01;500887;invoiced;PEN;166;166;17/12/2020;17/12/2020;166
1084281275267-01;500945;invoiced;PEN;221;221;17/12/2020;17/12/2020;221
1084402397504-01;500987;invoiced;PEN;304;304;17/12/2020;17/12/2020;304
1084390757224-01;500975;invoiced;PEN;216;216;17/12/2020;17/12/2020;216
1084391109077-01;500979;invoiced;PEN;160;160;17/12/2020;17/12/2020;160
1084453418328-01;501025;invoiced;PEN;119;119;17/12/2020;17/12/2020;119
1084450905498-01;501027;invoiced;PEN;66;66;17/12/2020;17/12/2020;66
1084420102044-01;500995;invoiced;PEN;167;167;17/12/2020;17/12/2020;167
1084440806323-01;501017;invoiced;PEN;138;138;17/12/2020;17/12/2020;138
1084441060244-01;501021;invoiced;PEN;178;178;17/12/2020;17/12/2020;178
1084491099776-01;501047;handling;PEN;206;206;18/12/2020;18/12/2020;206
1084712671621-01;501139;invoiced;PEN;145.35;145,35;18/12/2020;18/12/2020;145.35
1084713474112-01;501145;invoiced;PEN;148.75;148,75;18/12/2020;18/12/2020;148.75
1084722175597-01;501147;invoiced;PEN;92;92;18/12/2020;18/12/2020;92
1084683400935-01;501131;invoiced;PEN;115;115;18/12/2020;18/12/2020;115
1084690986132-01;501135;invoiced;PEN;88;88;18/12/2020;18/12/2020;88
1084671146792-01;501129;invoiced;PEN;88;88;18/12/2020;18/12/2020;88
1084723074372-01;501153;invoiced;PEN;141.75;141,75;18/12/2020;18/12/2020;141.75
1084502702367-01;501057;invoiced;PEN;160;160;18/12/2020;18/12/2020;160
1084640438958-01;501101;invoiced;PEN;550;550;18/12/2020;18/12/2020;550
1084652988528-01;501111;invoiced;PEN;327;327;18/12/2020;18/12/2020;327
1084500338175-01;501059;invoiced;PEN;160;160;18/12/2020;18/12/2020;160
1084640559274-01;501103;invoiced;PEN;225;225;18/12/2020;18/12/2020;225
1084633297464-01;501089;invoiced;PEN;256;256;18/12/2020;18/12/2020;256
1084640591710-01;501105;invoiced;PEN;92;92;18/12/2020;18/12/2020;92
1084643298705-01;501097;invoiced;PEN;127;127;18/12/2020;18/12/2020;127
1084502609232-01;501055;invoiced;PEN;220;220;18/12/2020;18/12/2020;220
1084521865559-01;501069;invoiced;PEN;95;95;18/12/2020;18/12/2020;95
1084513486932-01;501061;invoiced;PEN;166;166;18/12/2020;18/12/2020;166
1084660200264-01;501115;invoiced;PEN;174;174;18/12/2020;18/12/2020;174
1084522024618-01;501071;invoiced;PEN;145;145;18/12/2020;18/12/2020;145
1084622333420-01;501087;invoiced;PEN;257;257;18/12/2020;18/12/2020;257
1084520724935-01;501073;invoiced;PEN;138;138;18/12/2020;18/12/2020;138
1084671899767-01;501125;invoiced;PEN;320;320;18/12/2020;18/12/2020;320
1084630089838-01;501093;invoiced;PEN;324;324;18/12/2020;18/12/2020;324
1084673006296-01;501127;invoiced;PEN;110.3;110,3;18/12/2020;18/12/2020;110.3
1084633317629-01;501091;invoiced;PEN;88;88;18/12/2020;18/12/2020;88
1084641150402-01;501107;invoiced;PEN;166;166;18/12/2020;18/12/2020;166
1084510498018-01;501065;invoiced;PEN;150;150;18/12/2020;18/12/2020;150
1084510249228-01;501063;invoiced;PEN;166;166;18/12/2020;18/12/2020;166
1084610024278-01;501083;invoiced;PEN;88;88;18/12/2020;18/12/2020;88
1084630344823-01;501095;invoiced;PEN;146.85;146,85;18/12/2020;18/12/2020;146.85
1084722368601-01;501149;invoiced;PEN;276;276;18/12/2020;18/12/2020;276
1084712925752-01;501141;invoiced;PEN;245.75;245,75;18/12/2020;18/12/2020;245.75
1084723276686-01;501155;invoiced;PEN;62;62;18/12/2020;18/12/2020;62
1084692472946-01;501133;invoiced;PEN;232;232;18/12/2020;18/12/2020;232
1084921894514-01;501271;invoiced;PEN;160;160;19/12/2020;19/12/2020;160
1084922480877-01;501277;invoiced;PEN;69;69;19/12/2020;19/12/2020;69
1084921893681-01;501269;invoiced;PEN;180;180;19/12/2020;19/12/2020;180
1084931846394-01;501281;invoiced;PEN;266;266;19/12/2020;19/12/2020;266
1084932395931-01;501283;invoiced;PEN;279.85;279,85;19/12/2020;19/12/2020;279.85
1084921681662-01;501279;invoiced;PEN;206;206;19/12/2020;19/12/2020;206
1084940036439-01;501299;invoiced;PEN;141.75;141,75;19/12/2020;19/12/2020;141.75
1084940000551-01;501297;invoiced;PEN;241.8;241,8;19/12/2020;19/12/2020;241.8
1084950390638-01;501315;invoiced;PEN;131;131;19/12/2020;19/12/2020;131
1084730838200-01;501167;invoiced;PEN;292;292;19/12/2020;19/12/2020;292
1084752901844-01;501185;invoiced;PEN;322;322;19/12/2020;19/12/2020;322
1084841285565-01;501207;invoiced;PEN;160;160;19/12/2020;19/12/2020;160
1084841304092-01;501209;invoiced;PEN;114;114;19/12/2020;19/12/2020;114
1084862845087-01;501229;invoiced;PEN;138;138;19/12/2020;19/12/2020;138
1084850507636-01;501219;invoiced;PEN;296.65;296,65;19/12/2020;19/12/2020;296.65
1084721329358-01;501159;invoiced;PEN;167;167;19/12/2020;19/12/2020;167
1084721104682-01;501157;invoiced;PEN;297;297;19/12/2020;19/12/2020;297
1084732687656-01;501163;invoiced;PEN;181;181;19/12/2020;19/12/2020;181
1084912020703-01;501265;invoiced;PEN;695;695;19/12/2020;19/12/2020;695
1084851355141-01;501223;invoiced;PEN;479;479;19/12/2020;19/12/2020;479
1084852397752-01;501213;invoiced;PEN;261;261;19/12/2020;19/12/2020;261
1084860299059-01;501237;invoiced;PEN;294;294;19/12/2020;19/12/2020;294
1084883463253-01;501251;invoiced;PEN;88;88;19/12/2020;19/12/2020;88
1084901969291-01;501257;invoiced;PEN;88;88;19/12/2020;19/12/2020;88
1084931696450-01;501285;invoiced;PEN;171;171;19/12/2020;19/12/2020;171
1084941128916-01;501305;invoiced;PEN;237;237;19/12/2020;19/12/2020;237
1084943526224-01;501295;invoiced;PEN;460;460;19/12/2020;19/12/2020;460
1084940747845-01;501303;invoiced;PEN;173;173;19/12/2020;19/12/2020;173
1084943271352-01;501289;invoiced;PEN;166;166;19/12/2020;19/12/2020;166
1084962427001-01;501327;invoiced;PEN;259;259;19/12/2020;19/12/2020;259
1084922225179-01;501275;invoiced;PEN;160;160;19/12/2020;19/12/2020;160
1084943392322-01;501291;invoiced;PEN;256;256;19/12/2020;19/12/2020;256
1084911505787-01;501267;invoiced;PEN;396;396;19/12/2020;19/12/2020;396
1084922098116-01;501273;invoiced;PEN;104.35;104,35;19/12/2020;19/12/2020;104.35
1084962254952-01;501321;invoiced;PEN;237.85;237,85;19/12/2020;19/12/2020;237.85
1084841258195-01;501205;invoiced;PEN;88;88;19/12/2020;19/12/2020;88
1084840537937-01;501203;invoiced;PEN;469;469;19/12/2020;19/12/2020;469
1084773551225-01;501195;invoiced;PEN;522;522;19/12/2020;19/12/2020;522
1084832258442-01;501201;invoiced;PEN;161;161;19/12/2020;19/12/2020;161
1084862891702-01;501231;invoiced;PEN;162;162;19/12/2020;19/12/2020;162
1084853176221-01;501215;invoiced;PEN;160;160;19/12/2020;19/12/2020;160
1084841535901-01;501211;invoiced;PEN;138;138;19/12/2020;19/12/2020;138
1084741456773-01;501183;invoiced;PEN;89;89;19/12/2020;19/12/2020;89
1084741239671-01;501181;invoiced;PEN;95;95;19/12/2020;19/12/2020;95
1084730958452-01;501169;invoiced;PEN;71;71;19/12/2020;19/12/2020;71
1084742695923-01;501173;invoiced;PEN;412.25;412,25;19/12/2020;19/12/2020;412.25
1084750143073-01;501189;invoiced;PEN;341;341;19/12/2020;19/12/2020;341
1084762597331-01;501193;invoiced;PEN;186;186;19/12/2020;19/12/2020;186
1084751045416-01;501191;invoiced;PEN;157;157;19/12/2020;19/12/2020;157
1084753242510-01;501187;invoiced;PEN;387;387;19/12/2020;19/12/2020;387
1084861757202-01;501239;invoiced;PEN;183;183;19/12/2020;19/12/2020;183
1084871800530-01;501241;invoiced;PEN;93.5;93,5;19/12/2020;19/12/2020;93.5
1084862138803-01;501225;invoiced;PEN;99;99;19/12/2020;19/12/2020;99
1084860065414-01;501235;invoiced;PEN;145;145;19/12/2020;19/12/2020;145
1084780723449-01;501197;invoiced;PEN;171;171;19/12/2020;19/12/2020;171
1084863392181-01;501233;invoiced;PEN;95;95;19/12/2020;19/12/2020;95
1084862480405-01;501227;invoiced;PEN;345.7;345,7;19/12/2020;19/12/2020;345.7
1084902988983-01;501261;invoiced;PEN;88;88;19/12/2020;19/12/2020;88
1084851212473-01;501221;invoiced;PEN;177;177;19/12/2020;19/12/2020;177
1084870695350-01;501245;invoiced;PEN;116;116;19/12/2020;19/12/2020;116
1084870451181-01;501243;invoiced;PEN;261;261;19/12/2020;19/12/2020;261
1084883254837-01;501249;invoiced;PEN;105;105;19/12/2020;19/12/2020;105
1084891402562-01;501255;invoiced;PEN;459.75;459,75;19/12/2020;19/12/2020;459.75
1084890810794-01;501253;invoiced;PEN;999;999;19/12/2020;19/12/2020;999
1084991050854-01;501349;invoiced;PEN;297;297;20/12/2020;20/12/2020;297
1085002092346-01;501353;invoiced;PEN;150;150;20/12/2020;20/12/2020;150
1084992355516-01;501347;invoiced;PEN;294;294;20/12/2020;20/12/2020;294
1085002063357-01;501351;invoiced;PEN;273;273;20/12/2020;20/12/2020;273
1085150458641-01;501481;invoiced;PEN;229.3;229,3;20/12/2020;20/12/2020;229.3
1085142236591-01;501465;invoiced;PEN;248;248;20/12/2020;20/12/2020;248
1085141953485-01;501463;invoiced;PEN;138;138;20/12/2020;20/12/2020;138
1085143582249-01;501469;invoiced;PEN;329;329;20/12/2020;20/12/2020;329
1085151982816-01;501473;invoiced;PEN;245.85;245,85;20/12/2020;20/12/2020;245.85
1085151915736-01;501471;invoiced;PEN;256.85;256,85;20/12/2020;20/12/2020;256.85
1085152780958-01;501479;invoiced;PEN;244;244;20/12/2020;20/12/2020;244
1085152282311-01;501475;invoiced;PEN;460;460;20/12/2020;20/12/2020;460
1084970840170-01;501335;invoiced;PEN;179.6;179,6;20/12/2020;20/12/2020;179.6
1085012057631-01;501371;invoiced;PEN;150;150;20/12/2020;20/12/2020;150
1085070938034-01;501389;invoiced;PEN;234;234;20/12/2020;20/12/2020;234
1085090677675-01;501403;invoiced;PEN;219.75;219,75;20/12/2020;20/12/2020;219.75
1085120173134-01;501429;invoiced;PEN;88;88;20/12/2020;20/12/2020;88
1085111166604-01;501423;invoiced;PEN;167;167;20/12/2020;20/12/2020;167
1085112889188-01;501413;invoiced;PEN;88;88;20/12/2020;20/12/2020;88
1085132146189-01;501435;invoiced;PEN;315;315;20/12/2020;20/12/2020;315
1085123470030-01;501427;invoiced;PEN;88;88;20/12/2020;20/12/2020;88
1085132813498-01;501439;invoiced;PEN;145;145;20/12/2020;20/12/2020;145
1085132985997-01;501441;invoiced;PEN;727;727;20/12/2020;20/12/2020;727
1085151490525-01;501487;invoiced;PEN;160;160;20/12/2020;20/12/2020;160
1085123154377-01;501425;invoiced;PEN;201;201;20/12/2020;20/12/2020;201
1085160698074-01;501497;invoiced;PEN;160;160;20/12/2020;20/12/2020;160
1085171333934-01;501511;invoiced;PEN;149;149;20/12/2020;20/12/2020;149
1085161832386-01;501491;invoiced;PEN;149;149;20/12/2020;20/12/2020;149
1085173335389-01;501503;invoiced;PEN;275;275;20/12/2020;20/12/2020;275
1085173179246-01;501501;invoiced;PEN;108;108;20/12/2020;20/12/2020;108
1085171160099-01;501509;invoiced;PEN;123;123;20/12/2020;20/12/2020;123
1085203058112-01;501573;invoiced;PEN;365.1;365,1;20/12/2020;20/12/2020;365.1
1085181030533-01;501543;invoiced;PEN;359;359;20/12/2020;20/12/2020;359
1085202252218-01;501567;invoiced;PEN;317;317;20/12/2020;20/12/2020;317
1085202374503-01;501569;invoiced;PEN;160;160;20/12/2020;20/12/2020;160
1085160635340-01;501495;invoiced;PEN;161;161;20/12/2020;20/12/2020;161
1085162615347-01;501493;invoiced;PEN;173;173;20/12/2020;20/12/2020;173
1085002499072-01;501355;invoiced;PEN;121;121;20/12/2020;20/12/2020;121
1085202385742-01;501571;invoiced;PEN;99;99;20/12/2020;20/12/2020;99
1085192494614-01;501553;invoiced;PEN;145;145;20/12/2020;20/12/2020;145
1085192082743-01;501551;invoiced;PEN;95;95;20/12/2020;20/12/2020;95
1085131057672-01;501459;invoiced;PEN;94;94;20/12/2020;20/12/2020;94
1085142605387-01;501467;invoiced;PEN;173;173;20/12/2020;20/12/2020;173
1085192976388-01;501555;invoiced;PEN;95;95;20/12/2020;20/12/2020;95
1085180571514-01;501533;invoiced;PEN;145;145;20/12/2020;20/12/2020;145
1085181256759-01;501545;invoiced;PEN;88;88;20/12/2020;20/12/2020;88
1085181501336-01;501547;invoiced;PEN;256;256;20/12/2020;20/12/2020;256
1085181770352-01;501549;invoiced;PEN;99;99;20/12/2020;20/12/2020;99
1085182083168-01;501523;invoiced;PEN;50;50;20/12/2020;20/12/2020;50
1085182232366-01;501525;invoiced;PEN;273;273;20/12/2020;20/12/2020;273
1085170022479-01;501505;invoiced;PEN;88;88;20/12/2020;20/12/2020;88
1085171729580-01;501517;invoiced;PEN;138;138;20/12/2020;20/12/2020;138
1085181898377-01;501521;invoiced;PEN;212;212;20/12/2020;20/12/2020;212
1085190068203-01;501557;invoiced;PEN;160;160;20/12/2020;20/12/2020;160
1085203323188-01;501577;invoiced;PEN;132;132;20/12/2020;20/12/2020;132
1085171483377-01;501513;invoiced;PEN;88;88;20/12/2020;20/12/2020;88
1085203187708-01;501575;invoiced;PEN;160;160;20/12/2020;20/12/2020;160
1084981722033-01;501343;invoiced;PEN;108;108;20/12/2020;20/12/2020;108
1084972132096-01;501329;invoiced;PEN;92;92;20/12/2020;20/12/2020;92
1084970729226-01;501333;invoiced;PEN;236;236;20/12/2020;20/12/2020;236
1084970560214-01;501331;invoiced;PEN;150;150;20/12/2020;20/12/2020;150
1084971260361-01;501337;invoiced;PEN;167;167;20/12/2020;20/12/2020;167
1084992321965-01;501345;invoiced;PEN;138;138;20/12/2020;20/12/2020;138
1085113446451-01;501421;invoiced;PEN;132.5;132,5;20/12/2020;20/12/2020;132.5
1085113226671-01;501417;invoiced;PEN;216;216;20/12/2020;20/12/2020;216
1085102749757-01;501407;invoiced;PEN;166;166;20/12/2020;20/12/2020;166
1085100938363-01;501409;invoiced;PEN;169.8;169,8;20/12/2020;20/12/2020;169.8
1085111911862-01;501411;invoiced;PEN;160;160;20/12/2020;20/12/2020;160
1085090354396-01;501401;invoiced;PEN;167;167;20/12/2020;20/12/2020;167
1085033493760-01;501387;invoiced;PEN;267;267;20/12/2020;20/12/2020;267
1085091938128-01;501397;invoiced;PEN;326;326;20/12/2020;20/12/2020;326
1085093206163-01;501399;invoiced;PEN;88;88;20/12/2020;20/12/2020;88
1085021843338-01;501383;invoiced;PEN;160;160;20/12/2020;20/12/2020;160
1085011276645-01;501379;invoiced;PEN;261;261;20/12/2020;20/12/2020;261
1085022620829-01;501385;invoiced;PEN;180;180;20/12/2020;20/12/2020;180
1085082433576-01;501391;invoiced;PEN;315;315;20/12/2020;20/12/2020;315
1085083102063-01;501395;invoiced;PEN;85;85;20/12/2020;20/12/2020;85
1085112976492-01;501415;invoiced;PEN;326;326;20/12/2020;20/12/2020;326
1085133464300-01;501449;invoiced;PEN;251;251;20/12/2020;20/12/2020;251
1085120355914-01;501431;invoiced;PEN;401.65;401,65;20/12/2020;20/12/2020;401.65
1085130569851-01;501453;invoiced;PEN;153.75;153,75;20/12/2020;20/12/2020;153.75
1085130064433-01;501451;invoiced;PEN;112;112;20/12/2020;20/12/2020;112
1085133265227-01;501443;invoiced;PEN;201;201;20/12/2020;20/12/2020;201
1085130650764-01;501455;invoiced;PEN;251;251;20/12/2020;20/12/2020;251
1085133384639-01;501447;invoiced;PEN;167;167;20/12/2020;20/12/2020;167
1085131151024-01;501461;invoiced;PEN;170;170;20/12/2020;20/12/2020;170
1085152729485-01;501477;invoiced;PEN;66;66;20/12/2020;20/12/2020;66
1085172102883-01;501499;invoiced;PEN;156;156;20/12/2020;20/12/2020;156
1085170328180-01;501507;invoiced;PEN;170;170;20/12/2020;20/12/2020;170
1085161816483-01;501489;invoiced;PEN;176;176;20/12/2020;20/12/2020;176
1085362299519-01;501732;invoiced;PEN;180;180;21/12/2020;21/12/2020;180
1085382676891-01;501764;invoiced;PEN;138;138;21/12/2020;21/12/2020;138
1085382081975-01;501762;invoiced;PEN;320;320;21/12/2020;21/12/2020;320
1085432924216-01;501834;invoiced;PEN;136;136;21/12/2020;21/12/2020;136
1085383407072-01;501766;invoiced;PEN;58;58;21/12/2020;21/12/2020;58
1085431475647-01;501836;invoiced;PEN;189;189;21/12/2020;21/12/2020;189
1085402297185-01;501798;invoiced;PEN;160;160;21/12/2020;21/12/2020;160
1085403281096-01;501806;invoiced;PEN;157;157;21/12/2020;21/12/2020;157
1085422457493-01;501824;invoiced;PEN;138;138;21/12/2020;21/12/2020;138
1085343157458-01;501712;invoiced;PEN;171;171;21/12/2020;21/12/2020;171
1085380031934-01;501768;handling;PEN;138;138;21/12/2020;21/12/2020;138
1085252700037-01;501676;invoiced;PEN;88;88;21/12/2020;21/12/2020;88
1085221876428-01;501616;invoiced;PEN;345;345;21/12/2020;21/12/2020;345
1085241587306-01;501672;invoiced;PEN;145;145;21/12/2020;21/12/2020;145
1085222664848-01;501622;invoiced;PEN;230.75;230,75;21/12/2020;21/12/2020;230.75
1085222241994-01;501618;invoiced;PEN;138;138;21/12/2020;21/12/2020;138
1085220758061-01;501632;invoiced;PEN;349;349;21/12/2020;21/12/2020;349
1085210840472-01;501601;invoiced;PEN;85;85;21/12/2020;21/12/2020;85
1085350171710-01;501722;invoiced;PEN;108;108;21/12/2020;21/12/2020;108
1085231143154-01;501660;invoiced;PEN;88;88;21/12/2020;21/12/2020;88
1085211250475-01;501606;invoiced;PEN;95;95;21/12/2020;21/12/2020;95
1085211258912-01;501608;invoiced;PEN;95;95;21/12/2020;21/12/2020;95
1085212064552-01;501581;invoiced;PEN;350;350;21/12/2020;21/12/2020;350
1085231072561-01;501658;invoiced;PEN;111;111;21/12/2020;21/12/2020;111
1085240437522-01;501668;invoiced;PEN;297;297;21/12/2020;21/12/2020;297
1085230635716-01;501652;invoiced;PEN;88;88;21/12/2020;21/12/2020;88
1085232525403-01;501644;invoiced;PEN;144;144;21/12/2020;21/12/2020;144
1085402880958-01;501802;invoiced;PEN;247;247;21/12/2020;21/12/2020;247
1085240729849-01;501670;invoiced;PEN;202;202;21/12/2020;21/12/2020;202
1085250608780-01;501680;invoiced;PEN;322;322;21/12/2020;21/12/2020;322
1085260605114-01;501686;invoiced;PEN;59;59;21/12/2020;21/12/2020;59
1085332053813-01;501696;invoiced;PEN;95;95;21/12/2020;21/12/2020;95
1085391477369-01;501792;canceled;PEN;167;167;21/12/2020;21/12/2020;167
1085351596263-01;501724;invoiced;PEN;92;92;21/12/2020;21/12/2020;92
1085353566263-01;501720;invoiced;PEN;162;162;21/12/2020;21/12/2020;162
1085351737057-01;501726;invoiced;PEN;221;221;21/12/2020;21/12/2020;221
1085351766447-01;501728;invoiced;PEN;247;247;21/12/2020;21/12/2020;247
1085421196903-01;501830;invoiced;PEN;167;167;21/12/2020;21/12/2020;167
1085382016840-01;501758;invoiced;PEN;172;172;21/12/2020;21/12/2020;172
1085393537855-01;501786;invoiced;PEN;97;97;21/12/2020;21/12/2020;97
1085402128727-01;501796;invoiced;PEN;200;200;21/12/2020;21/12/2020;200
1085391147428-01;501788;invoiced;PEN;88;88;21/12/2020;21/12/2020;88
1085391366099-01;501790;invoiced;PEN;161;161;21/12/2020;21/12/2020;161
1085403283512-01;501804;invoiced;PEN;95;95;21/12/2020;21/12/2020;95
1085370898757-01;501748;invoiced;PEN;296;296;21/12/2020;21/12/2020;296
1085372823707-01;501744;invoiced;PEN;827;827;21/12/2020;21/12/2020;827
1085372635597-01;501742;invoiced;PEN;717;717;21/12/2020;21/12/2020;717
1085222749412-01;501626;invoiced;PEN;106;106;21/12/2020;21/12/2020;106
1085221851441-01;501614;invoiced;PEN;114;114;21/12/2020;21/12/2020;114
1085210670093-01;501599;invoiced;PEN;62;62;21/12/2020;21/12/2020;62
1085212637868-01;501583;invoiced;PEN;165;165;21/12/2020;21/12/2020;165
1085210115468-01;501593;invoiced;PEN;125;125;21/12/2020;21/12/2020;125
1085220957779-01;501634;invoiced;PEN;88;88;21/12/2020;21/12/2020;88
1085233565717-01;501646;invoiced;PEN;157;157;21/12/2020;21/12/2020;157
1085222246264-01;501620;invoiced;PEN;185;185;21/12/2020;21/12/2020;185
1085252965005-01;501678;invoiced;PEN;114;114;21/12/2020;21/12/2020;114
1085223476622-01;501628;invoiced;PEN;166;166;21/12/2020;21/12/2020;166
1085252514718-01;501674;invoiced;PEN;157;157;21/12/2020;21/12/2020;157
1085231442766-01;501662;invoiced;PEN;88;88;21/12/2020;21/12/2020;88
1085221112755-01;501636;invoiced;PEN;95;95;21/12/2020;21/12/2020;95
1085222733624-01;501624;invoiced;PEN;89;89;21/12/2020;21/12/2020;89
1085221811760-01;501612;invoiced;PEN;245;245;21/12/2020;21/12/2020;245
1085201733479-01;501579;invoiced;PEN;187;187;21/12/2020;21/12/2020;187
1085223584772-01;501630;invoiced;PEN;359;359;21/12/2020;21/12/2020;359
1085232520644-01;501642;invoiced;PEN;138;138;21/12/2020;21/12/2020;138
1085362794423-01;501734;invoiced;PEN;267.35;267,35;21/12/2020;21/12/2020;267.35
1085392220126-01;501778;invoiced;PEN;94;94;21/12/2020;21/12/2020;94
1085381795742-01;501776;invoiced;PEN;170;170;21/12/2020;21/12/2020;170
1085380062705-01;501770;invoiced;PEN;311;311;21/12/2020;21/12/2020;311
1085381655224-01;501772;invoiced;PEN;314;314;21/12/2020;21/12/2020;314
1085371127742-01;501750;invoiced;PEN;167;167;21/12/2020;21/12/2020;167
1085381882556-01;501756;invoiced;PEN;185;185;21/12/2020;21/12/2020;185
1085382062478-01;501760;invoiced;PEN;95;95;21/12/2020;21/12/2020;95
1085431887412-01;501832;invoiced;PEN;131;131;21/12/2020;21/12/2020;131
1085410074222-01;501818;invoiced;PEN;119;119;21/12/2020;21/12/2020;119
1085403358046-01;501808;invoiced;PEN;148.75;148,75;21/12/2020;21/12/2020;148.75
1085400337487-01;501810;invoiced;PEN;184.25;184,25;21/12/2020;21/12/2020;184.25
1085401367224-01;501814;invoiced;PEN;138;138;21/12/2020;21/12/2020;138
1085443018272-01;501838;invoiced;PEN;160;160;21/12/2020;21/12/2020;160
1085230758380-01;501654;invoiced;PEN;170;170;21/12/2020;21/12/2020;170
1085230307393-01;501650;invoiced;PEN;263;263;21/12/2020;21/12/2020;263
1085443461221-01;501840;invoiced;PEN;88;88;21/12/2020;21/12/2020;88
1085410052816-01;501816;invoiced;PEN;90;90;21/12/2020;21/12/2020;90
1085420531664-01;501826;invoiced;PEN;234;234;21/12/2020;21/12/2020;234
1085422105593-01;501820;invoiced;PEN;141.75;141,75;21/12/2020;21/12/2020;141.75
1085420674698-01;501828;invoiced;PEN;88;88;21/12/2020;21/12/2020;88
1085331706248-01;501706;invoiced;PEN;91;91;21/12/2020;21/12/2020;91
1085330417615-01;501698;invoiced;PEN;88;88;21/12/2020;21/12/2020;88
1085352938394-01;501718;invoiced;PEN;160;160;21/12/2020;21/12/2020;160
1085342354170-01;501710;invoiced;PEN;474;474;21/12/2020;21/12/2020;474
1085303111388-01;501694;invoiced;PEN;337.8;337,8;21/12/2020;21/12/2020;337.8
1085292225859-01;501692;invoiced;PEN;88;88;21/12/2020;21/12/2020;88
1085262623297-01;501684;invoiced;PEN;393;393;21/12/2020;21/12/2020;393
1085212679464-01;501585;invoiced;PEN;161;161;21/12/2020;21/12/2020;161
1085361860622-01;501730;invoiced;PEN;95;95;21/12/2020;21/12/2020;95
1085361732372-01;501740;invoiced;PEN;90;90;21/12/2020;21/12/2020;90
1085601796011-01;501940;invoiced;PEN;162;162;22/12/2020;22/12/2020;162
1085611853949-01;501942;invoiced;PEN;88;88;22/12/2020;22/12/2020;88
1085601136771-01;501936;invoiced;PEN;88;88;22/12/2020;22/12/2020;88
1085622156805-01;501956;invoiced;PEN;167;167;22/12/2020;22/12/2020;167
1085471059385-01;501870;invoiced;PEN;88;88;22/12/2020;22/12/2020;88
1085471281113-01;501872;invoiced;PEN;88;88;22/12/2020;22/12/2020;88
1085470360835-01;501862;invoiced;PEN;170;170;22/12/2020;22/12/2020;170
1085470581402-01;501866;invoiced;PEN;185;185;22/12/2020;22/12/2020;185
1085451300732-01;501846;invoiced;PEN;167;167;22/12/2020;22/12/2020;167
1085451963063-01;501844;invoiced;PEN;88;88;22/12/2020;22/12/2020;88
1085472216936-01;501856;invoiced;PEN;178;178;22/12/2020;22/12/2020;178
1085461138954-01;501850;invoiced;PEN;596;596;22/12/2020;22/12/2020;596
1085451638991-01;501848;invoiced;PEN;149;149;22/12/2020;22/12/2020;149
1085511992774-01;501904;invoiced;PEN;150;150;22/12/2020;22/12/2020;150
1085682482312-01;502056;invoiced;PEN;166;166;22/12/2020;22/12/2020;166
1085640915688-01;501996;invoiced;PEN;68;68;22/12/2020;22/12/2020;68
1085682544096-01;502058;invoiced;PEN;138;138;22/12/2020;22/12/2020;138
1085661080122-01;502024;invoiced;PEN;48;48;22/12/2020;22/12/2020;48
1085653288162-01;502006;invoiced;PEN;88;88;22/12/2020;22/12/2020;88
1085631704251-01;501984;invoiced;PEN;94;94;22/12/2020;22/12/2020;94
1085642143556-01;501986;invoiced;PEN;181;181;22/12/2020;22/12/2020;181
1085662009788-01;502018;invoiced;PEN;138;138;22/12/2020;22/12/2020;138
1085681879827-01;502048;invoiced;PEN;103;103;22/12/2020;22/12/2020;103
1085652290961-01;502000;invoiced;PEN;80;80;22/12/2020;22/12/2020;80
1085671218740-01;502044;invoiced;PEN;176.8;176,8;22/12/2020;22/12/2020;176.8
1085632413422-01;501970;invoiced;PEN;1240;1240;22/12/2020;22/12/2020;1240
1085623062967-01;501958;invoiced;PEN;507;507;22/12/2020;22/12/2020;507
1085461599524-01;501852;invoiced;PEN;184;184;22/12/2020;22/12/2020;184
1085633292135-01;501978;invoiced;PEN;145.8;145,8;22/12/2020;22/12/2020;145.8
1085653006483-01;502004;invoiced;PEN;173;173;22/12/2020;22/12/2020;173
1085632809390-01;501976;handling;PEN;88;88;22/12/2020;22/12/2020;88
1085482562499-01;501884;invoiced;PEN;370;370;22/12/2020;22/12/2020;370
1085583557033-01;501916;invoiced;PEN;62;62;22/12/2020;22/12/2020;62
1085592498796-01;501924;invoiced;PEN;329;329;22/12/2020;22/12/2020;329
1085581194361-01;501922;invoiced;PEN;324;324;22/12/2020;22/12/2020;324
1085580124152-01;501918;invoiced;PEN;88;88;22/12/2020;22/12/2020;88
1085590795171-01;501926;invoiced;PEN;288.9;288,9;22/12/2020;22/12/2020;288.9
1085583381263-01;501914;invoiced;PEN;248;248;22/12/2020;22/12/2020;248
1085571974292-01;501910;invoiced;PEN;165;165;22/12/2020;22/12/2020;165
1085483358144-01;501886;invoiced;PEN;162;162;22/12/2020;22/12/2020;162
1085481927548-01;501878;invoiced;PEN;185;185;22/12/2020;22/12/2020;185
1085501288477-01;501902;invoiced;PEN;333.5;333,5;22/12/2020;22/12/2020;333.5
1085563242970-01;501908;invoiced;PEN;129;129;22/12/2020;22/12/2020;129
1085502956466-01;501900;invoiced;PEN;187.75;187,75;22/12/2020;22/12/2020;187.75
1085440043825-01;501842;invoiced;PEN;295.75;295,75;22/12/2020;22/12/2020;295.75
1085473253740-01;501860;invoiced;PEN;216;216;22/12/2020;22/12/2020;216
1085472149456-01;501854;invoiced;PEN;82;82;22/12/2020;22/12/2020;82
1085470566732-01;501864;invoiced;PEN;160;160;22/12/2020;22/12/2020;160
1085481709843-01;501892;invoiced;PEN;143;143;22/12/2020;22/12/2020;143
1085480476714-01;501888;invoiced;PEN;88;88;22/12/2020;22/12/2020;88
1085482116766-01;501880;invoiced;PEN;305;305;22/12/2020;22/12/2020;305
1085480819618-01;501890;invoiced;PEN;66;66;22/12/2020;22/12/2020;66
1085572293425-01;501912;invoiced;PEN;167;167;22/12/2020;22/12/2020;167
1085603371111-01;501932;invoiced;PEN;167;167;22/12/2020;22/12/2020;167
1085601252187-01;501938;invoiced;PEN;173;173;22/12/2020;22/12/2020;173
1085522701560-01;501906;invoiced;PEN;218;218;22/12/2020;22/12/2020;218
1085580364926-01;501920;invoiced;PEN;88;88;22/12/2020;22/12/2020;88
1085472298736-01;501858;invoiced;PEN;262;262;22/12/2020;22/12/2020;262
1085471319108-01;501874;invoiced;PEN;140;140;22/12/2020;22/12/2020;140
1085471403688-01;501876;invoiced;PEN;245;245;22/12/2020;22/12/2020;245
1085482317476-01;501882;invoiced;PEN;165;165;22/12/2020;22/12/2020;165
1085611411363-01;501954;invoiced;PEN;178;178;22/12/2020;22/12/2020;178
1085610989673-01;501952;invoiced;PEN;256;256;22/12/2020;22/12/2020;256
1085620655852-01;501964;invoiced;PEN;110.3;110,3;22/12/2020;22/12/2020;110.3
1085662364116-01;502020;invoiced;PEN;88;88;22/12/2020;22/12/2020;88
1085623335778-01;501962;invoiced;PEN;88;88;22/12/2020;22/12/2020;88
1085623113762-01;501960;invoiced;PEN;169;169;22/12/2020;22/12/2020;169
1085632026200-01;501968;invoiced;PEN;122;122;22/12/2020;22/12/2020;122
1085640692878-01;501994;invoiced;PEN;166;166;22/12/2020;22/12/2020;166
1085641105677-01;501998;invoiced;PEN;66;66;22/12/2020;22/12/2020;66
1085650814741-01;502014;invoiced;PEN;125;125;22/12/2020;22/12/2020;125
1085661612740-01;502028;invoiced;PEN;279;279;22/12/2020;22/12/2020;279
1085651764433-01;502016;invoiced;PEN;388;388;22/12/2020;22/12/2020;388
1085642447891-01;501990;invoiced;PEN;64;64;22/12/2020;22/12/2020;64
1085661774586-01;502032;invoiced;PEN;150;150;22/12/2020;22/12/2020;150
1085653580749-01;502012;invoiced;PEN;1883;1883;22/12/2020;22/12/2020;1883
1085681988452-01;502052;invoiced;PEN;406;406;22/12/2020;22/12/2020;406
1085661642717-01;502030;invoiced;PEN;160;160;22/12/2020;22/12/2020;160
1085682025604-01;502054;invoiced;PEN;150;150;22/12/2020;22/12/2020;150
1085671532161-01;502046;invoiced;PEN;372;372;22/12/2020;22/12/2020;372
1085660060526-01;502022;invoiced;PEN;273;273;22/12/2020;22/12/2020;273
1085652361443-01;502002;invoiced;PEN;141.75;141,75;22/12/2020;22/12/2020;141.75
1085681988842-01;502050;invoiced;PEN;187;187;22/12/2020;22/12/2020;187
1085621045841-01;501966;invoiced;PEN;178;178;22/12/2020;22/12/2020;178
1085893008380-01;502248;invoiced;PEN;166;166;23/12/2020;23/12/2020;166
1085852528348-01;502192;invoiced;PEN;52;52;23/12/2020;23/12/2020;52
1085852609645-01;502194;invoiced;PEN;157;157;23/12/2020;23/12/2020;157
1085850816392-01;502216;invoiced;PEN;167;167;23/12/2020;23/12/2020;167
1085853590914-01;502210;invoiced;PEN;160;160;23/12/2020;23/12/2020;160
1085901483089-01;502256;invoiced;PEN;330;330;23/12/2020;23/12/2020;330
1085861827394-01;502218;invoiced;PEN;183;183;23/12/2020;23/12/2020;183
1085841495942-01;502180;invoiced;PEN;52;52;23/12/2020;23/12/2020;52
1085850284031-01;502214;invoiced;PEN;90;90;23/12/2020;23/12/2020;90
1085702587204-01;502074;invoiced;PEN;690.65;690,65;23/12/2020;23/12/2020;690.65
1085693340373-01;502062;invoiced;PEN;141.75;141,75;23/12/2020;23/12/2020;141.75
1085680611006-01;502060;invoiced;PEN;286;286;23/12/2020;23/12/2020;286
1085701688393-01;502088;invoiced;PEN;478;478;23/12/2020;23/12/2020;478
1085712066967-01;502090;invoiced;PEN;160;160;23/12/2020;23/12/2020;160
1085710345731-01;502098;invoiced;PEN;88;88;23/12/2020;23/12/2020;88
1085713027820-01;502096;invoiced;PEN;173;173;23/12/2020;23/12/2020;173
1085722527220-01;502102;invoiced;PEN;73;73;23/12/2020;23/12/2020;73
1085723527846-01;502106;invoiced;PEN;178;178;23/12/2020;23/12/2020;178
1085890061880-01;502250;invoiced;PEN;94;94;23/12/2020;23/12/2020;94
1085871368432-01;502236;invoiced;PEN;245;245;23/12/2020;23/12/2020;245
1085880282362-01;502238;invoiced;PEN;170;170;23/12/2020;23/12/2020;170
1085900206728-01;502254;invoiced;PEN;99;99;23/12/2020;23/12/2020;99
1085892786085-01;502246;invoiced;PEN;141.75;141,75;23/12/2020;23/12/2020;141.75
1085703151491-01;502076;invoiced;PEN;310;310;23/12/2020;23/12/2020;310
1085721123593-01;502108;invoiced;PEN;328;328;23/12/2020;23/12/2020;328
1085730909676-01;502122;invoiced;PEN;166;166;23/12/2020;23/12/2020;166
1085731810284-01;502114;invoiced;PEN;115;115;23/12/2020;23/12/2020;115
1085741292736-01;502128;invoiced;PEN;195;195;23/12/2020;23/12/2020;195
1085791602686-01;502130;invoiced;PEN;126;126;23/12/2020;23/12/2020;126
1085841942119-01;502166;invoiced;PEN;146.85;146,85;23/12/2020;23/12/2020;146.85
1085842570024-01;502170;invoiced;PEN;119;119;23/12/2020;23/12/2020;119
1085810041025-01;502140;invoiced;PEN;262;262;23/12/2020;23/12/2020;262
1085730978037-01;502124;invoiced;PEN;93;93;23/12/2020;23/12/2020;93
1085800335044-01;502132;invoiced;PEN;95;95;23/12/2020;23/12/2020;95
1085821495041-01;502156;invoiced;PEN;167;167;23/12/2020;23/12/2020;167
1085823113852-01;502148;invoiced;PEN;62;62;23/12/2020;23/12/2020;62
1085712542052-01;502092;handling;PEN;298;298;23/12/2020;23/12/2020;298
1085723048610-01;502104;invoiced;PEN;84.8;84,8;23/12/2020;23/12/2020;84.8
1085700315128-01;502082;invoiced;PEN;326.2;326,2;23/12/2020;23/12/2020;326.2
1085713015756-01;502094;invoiced;PEN;160;160;23/12/2020;23/12/2020;160
1085701511620-01;502086;invoiced;PEN;192;192;23/12/2020;23/12/2020;192
1085690577079-01;502064;invoiced;PEN;240;240;23/12/2020;23/12/2020;240
1085743554396-01;502126;invoiced;PEN;99;99;23/12/2020;23/12/2020;99
1085700340099-01;502084;invoiced;PEN;205;205;23/12/2020;23/12/2020;205
1085822346530-01;502144;invoiced;PEN;92;92;23/12/2020;23/12/2020;92
1085810852401-01;502142;invoiced;PEN;105;105;23/12/2020;23/12/2020;105
1085820666445-01;502150;invoiced;PEN;95;95;23/12/2020;23/12/2020;95
1085822669379-01;502146;invoiced;PEN;92;92;23/12/2020;23/12/2020;92
1085821078124-01;502152;invoiced;PEN;70;70;23/12/2020;23/12/2020;70
1085840081668-01;502176;invoiced;PEN;160;160;23/12/2020;23/12/2020;160
1085853269811-01;502206;invoiced;PEN;180;180;23/12/2020;23/12/2020;180
1085853103521-01;502202;invoiced;PEN;88;88;23/12/2020;23/12/2020;88
1085850029799-01;502212;invoiced;PEN;145;145;23/12/2020;23/12/2020;145
1085843076438-01;502174;invoiced;PEN;159;159;23/12/2020;23/12/2020;159
1085831365987-01;502164;invoiced;PEN;141;141;23/12/2020;23/12/2020;141
1085842109863-01;502168;invoiced;PEN;208;208;23/12/2020;23/12/2020;208
1085852986617-01;502200;invoiced;PEN;88;88;23/12/2020;23/12/2020;88
1085862397195-01;502220;invoiced;PEN;88;88;23/12/2020;23/12/2020;88
1085842735861-01;502172;handling;PEN;95;95;23/12/2020;23/12/2020;95
1085813336714-01;502138;invoiced;PEN;88;88;23/12/2020;23/12/2020;88
1085870366954-01;502234;invoiced;PEN;322;322;23/12/2020;23/12/2020;322
1085910094701-01;502266;invoiced;PEN;88;88;23/12/2020;23/12/2020;88
1085861277546-01;502222;invoiced;PEN;333;333;23/12/2020;23/12/2020;333
1085881149286-01;502244;invoiced;PEN;160;160;23/12/2020;23/12/2020;160
1085872295227-01;502228;invoiced;PEN;420;420;23/12/2020;23/12/2020;420
1085872608317-01;502230;invoiced;PEN;148.75;148,75;23/12/2020;23/12/2020;148.75
1085891465012-01;502252;invoiced;PEN;85;85;23/12/2020;23/12/2020;85
1086081760781-01;502328;invoiced;PEN;183;183;24/12/2020;24/12/2020;183
1086111192480-01;502340;invoiced;PEN;141.2;141,2;24/12/2020;24/12/2020;141.2
1086151987408-01;502352;invoiced;PEN;195;195;24/12/2020;24/12/2020;195
1086121254920-01;502346;invoiced;PEN;349;349;24/12/2020;24/12/2020;349
1086131584399-01;502348;invoiced;PEN;138.8;138,8;24/12/2020;24/12/2020;138.8
1086140694462-01;502350;invoiced;PEN;167;167;24/12/2020;24/12/2020;167
1085950609798-01;502286;invoiced;PEN;310;310;24/12/2020;24/12/2020;310
1085971716276-01;502306;invoiced;PEN;78;78;24/12/2020;24/12/2020;78
1085962757240-01;502290;invoiced;PEN;88;88;24/12/2020;24/12/2020;88
1085960713505-01;502296;invoiced;PEN;64;64;24/12/2020;24/12/2020;64
1085931757713-01;502278;invoiced;PEN;270;270;24/12/2020;24/12/2020;270
1085960095677-01;502292;invoiced;PEN;187;187;24/12/2020;24/12/2020;187
1085921448076-01;502272;invoiced;PEN;160;160;24/12/2020;24/12/2020;160
1086083519521-01;502326;canceled;PEN;179;179;24/12/2020;24/12/2020;179
1085931181404-01;502276;invoiced;PEN;235;235;24/12/2020;24/12/2020;235
1085932020248-01;502274;invoiced;PEN;204;204;24/12/2020;24/12/2020;204
1086111753755-01;502342;invoiced;PEN;150;150;24/12/2020;24/12/2020;150
1086093259417-01;502330;invoiced;PEN;172;172;24/12/2020;24/12/2020;172
1086120711082-01;502344;invoiced;PEN;318;318;24/12/2020;24/12/2020;318
1086162327989-01;502356;invoiced;PEN;252;252;24/12/2020;24/12/2020;252
1086091715007-01;502334;invoiced;PEN;198;198;24/12/2020;24/12/2020;198
1086070855821-01;502324;invoiced;PEN;166;166;24/12/2020;24/12/2020;166
1086090497936-01;502332;invoiced;PEN;168;168;24/12/2020;24/12/2020;168
1085942329011-01;502282;invoiced;PEN;115;115;24/12/2020;24/12/2020;115
1085951692636-01;502288;invoiced;PEN;156;156;24/12/2020;24/12/2020;156
1085961090608-01;502300;invoiced;PEN;179;179;24/12/2020;24/12/2020;179
1085960917055-01;502298;invoiced;PEN;214;214;24/12/2020;24/12/2020;214
1086061843151-01;502318;invoiced;PEN;224.2;224,2;24/12/2020;24/12/2020;224.2
1086062234547-01;502320;invoiced;PEN;88;88;24/12/2020;24/12/2020;88
1086050744749-01;502316;invoiced;PEN;199;199;24/12/2020;24/12/2020;199
1085972735762-01;502304;invoiced;PEN;171;171;24/12/2020;24/12/2020;171
1085971899988-01;502302;invoiced;PEN;234;234;24/12/2020;24/12/2020;234
1085981735121-01;502308;invoiced;PEN;99;99;24/12/2020;24/12/2020;99
1086042663131-01;502310;invoiced;PEN;145;145;24/12/2020;24/12/2020;145
1086160246752-01;502358;invoiced;PEN;599;599;25/12/2020;25/12/2020;599
1086161360506-01;502360;invoiced;PEN;160;160;25/12/2020;25/12/2020;160
1086212893139-01;502370;invoiced;PEN;30;30;25/12/2020;25/12/2020;30
1086331797156-01;502378;invoiced;PEN;160;160;25/12/2020;25/12/2020;160
1086382684959-01;502398;invoiced;PEN;318;318;25/12/2020;25/12/2020;318
1086351471630-01;502392;invoiced;PEN;167;167;25/12/2020;25/12/2020;167
1086341756395-01;502386;invoiced;PEN;104.4;104,4;25/12/2020;25/12/2020;104.4
1086353549576-01;502390;invoiced;PEN;66;66;25/12/2020;25/12/2020;66
1086390236542-01;502402;invoiced;PEN;256;256;25/12/2020;25/12/2020;256
1086161421596-01;502362;invoiced;PEN;80.4;80,4;25/12/2020;25/12/2020;80.4
1086340246424-01;502382;invoiced;PEN;266.8;266,8;25/12/2020;25/12/2020;266.8
1086352076227-01;502388;invoiced;PEN;174;174;25/12/2020;25/12/2020;174
1086340566803-01;502384;invoiced;PEN;374;374;25/12/2020;25/12/2020;374
1086343525125-01;502380;invoiced;PEN;218;218;25/12/2020;25/12/2020;218
1086320520940-01;502374;invoiced;PEN;70;70;25/12/2020;25/12/2020;70
1086173299573-01;502364;invoiced;PEN;157;157;25/12/2020;25/12/2020;157
1086370964469-01;502394;invoiced;PEN;172;172;25/12/2020;25/12/2020;172
1086371352294-01;502396;invoiced;PEN;174;174;25/12/2020;25/12/2020;174
1086600125806-01;502458;invoiced;PEN;62;62;26/12/2020;26/12/2020;62
1086593435711-01;502452;invoiced;PEN;160;160;26/12/2020;26/12/2020;160
1086582044721-01;502440;invoiced;PEN;174;174;26/12/2020;26/12/2020;174
1086430357529-01;502418;invoiced;PEN;384;384;26/12/2020;26/12/2020;384
1086421247952-01;502412;invoiced;PEN;247.4;247,4;26/12/2020;26/12/2020;247.4
1086400914912-01;502404;invoiced;PEN;138;138;26/12/2020;26/12/2020;138
1086592891231-01;502450;invoiced;PEN;384;384;26/12/2020;26/12/2020;384
1086563580570-01;502426;invoiced;PEN;138;138;26/12/2020;26/12/2020;138
1086572165361-01;502430;invoiced;PEN;476;476;26/12/2020;26/12/2020;476
1086552569379-01;502424;invoiced;PEN;236;236;26/12/2020;26/12/2020;236
1086592305017-01;502448;invoiced;PEN;127;127;26/12/2020;26/12/2020;127
1086622434719-01;502470;invoiced;PEN;176;176;26/12/2020;26/12/2020;176
1086632193806-01;502478;invoiced;PEN;177;177;26/12/2020;26/12/2020;177
1086611310144-01;502468;invoiced;PEN;144;144;26/12/2020;26/12/2020;144
1086610634704-01;502466;invoiced;PEN;171;171;26/12/2020;26/12/2020;171
1086573473023-01;502432;invoiced;PEN;160;160;26/12/2020;26/12/2020;160
1086441511125-01;502420;invoiced;PEN;116;116;26/12/2020;26/12/2020;116
1086421572994-01;502416;invoiced;PEN;274;274;26/12/2020;26/12/2020;274
1086522124391-01;502422;invoiced;PEN;134;134;26/12/2020;26/12/2020;134
1086581084947-01;502446;invoiced;PEN;220;220;26/12/2020;26/12/2020;220
1086422878686-01;502408;invoiced;PEN;92;92;26/12/2020;26/12/2020;92
1086612635920-01;502464;invoiced;PEN;81;81;26/12/2020;26/12/2020;81
1086643290864-01;502480;invoiced;PEN;490;490;26/12/2020;26/12/2020;490
1086561548281-01;502428;invoiced;PEN;108;108;26/12/2020;26/12/2020;108
1086600307837-01;502460;invoiced;PEN;94;94;26/12/2020;26/12/2020;94
1086621137960-01;502472;invoiced;PEN;238;238;26/12/2020;26/12/2020;238
1086631902289-01;502476;invoiced;PEN;262;262;26/12/2020;26/12/2020;262
1086662643222-01;502490;handling;PEN;98;98;27/12/2020;27/12/2020;98
1086671621616-01;502496;handling;PEN;204;204;27/12/2020;27/12/2020;204
1086721372401-01;502508;invoiced;PEN;117;117;27/12/2020;27/12/2020;117
1086791256797-01;502520;invoiced;PEN;150;150;27/12/2020;27/12/2020;150
1086871785325-01;502550;invoiced;PEN;152;152;27/12/2020;27/12/2020;152
1086882798324-01;502554;invoiced;PEN;186;186;27/12/2020;27/12/2020;186
1086870812891-01;502548;invoiced;PEN;320;320;27/12/2020;27/12/2020;320
1086682923818-01;502502;invoiced;PEN;95;95;27/12/2020;27/12/2020;95
1086682856906-01;502500;invoiced;PEN;428;428;27/12/2020;27/12/2020;428
1086780373728-01;502512;invoiced;PEN;88;88;27/12/2020;27/12/2020;88
1086841602443-01;502542;invoiced;PEN;138;138;27/12/2020;27/12/2020;138
1086670977406-01;502492;invoiced;PEN;166;166;27/12/2020;27/12/2020;166
1086813492565-01;502522;handling;PEN;538;538;27/12/2020;27/12/2020;538
1086873342318-01;502546;invoiced;PEN;219;219;27/12/2020;27/12/2020;219
1086671303642-01;502494;invoiced;PEN;187;187;27/12/2020;27/12/2020;187
1086692462129-01;502504;invoiced;PEN;92;92;27/12/2020;27/12/2020;92
1086712919171-01;502506;invoiced;PEN;97;97;27/12/2020;27/12/2020;97
1086840905564-01;502538;invoiced;PEN;891;891;27/12/2020;27/12/2020;891
1086841027293-01;502540;invoiced;PEN;157;157;27/12/2020;27/12/2020;157
1086830823675-01;502534;invoiced;PEN;52;52;27/12/2020;27/12/2020;52
1086840358863-01;502536;invoiced;PEN;92;92;27/12/2020;27/12/2020;92
1086782543093-01;502510;invoiced;PEN;88;88;27/12/2020;27/12/2020;88
1086781236813-01;502516;invoiced;PEN;170;170;27/12/2020;27/12/2020;170
1086793343655-01;502518;invoiced;PEN;233;233;27/12/2020;27/12/2020;233
1086810736594-01;502524;invoiced;PEN;258;258;27/12/2020;27/12/2020;258
1086820271178-01;502530;invoiced;PEN;174;174;27/12/2020;27/12/2020;174
1086811026876-01;502526;invoiced;PEN;160;160;27/12/2020;27/12/2020;160
1086822526930-01;502528;invoiced;PEN;285;285;27/12/2020;27/12/2020;285
1086780821563-01;502514;invoiced;PEN;95;95;27/12/2020;27/12/2020;95
1086821588107-01;502532;invoiced;PEN;174;174;27/12/2020;27/12/2020;174
1086882372671-01;502552;invoiced;PEN;174;174;27/12/2020;27/12/2020;174
1086851451337-01;502544;invoiced;PEN;189;189;27/12/2020;27/12/2020;189
1086682000248-01;502498;invoiced;PEN;215;215;27/12/2020;27/12/2020;215
1086641290423-01;502484;invoiced;PEN;160;160;27/12/2020;27/12/2020;160
1086640771984-01;502482;invoiced;PEN;168;168;27/12/2020;27/12/2020;168
1086881163356-01;502556;invoiced;PEN;172.8;172,8;28/12/2020;28/12/2020;172.8
1086891130030-01;502568;invoiced;PEN;95;95;28/12/2020;28/12/2020;95
1086890908788-01;502566;invoiced;PEN;92;92;28/12/2020;28/12/2020;92
1086910348723-01;502574;invoiced;PEN;209;209;28/12/2020;28/12/2020;209
1086922873008-01;502576;invoiced;PEN;151;151;28/12/2020;28/12/2020;151
1086920581955-01;502578;invoiced;PEN;228;228;28/12/2020;28/12/2020;228
1087030417678-01;502588;invoiced;PEN;150;150;28/12/2020;28/12/2020;150
1087021716190-01;502586;invoiced;PEN;119;119;28/12/2020;28/12/2020;119
1087060857606-01;502618;invoiced;PEN;144;144;28/12/2020;28/12/2020;144
1087050375552-01;502616;invoiced;PEN;108;108;28/12/2020;28/12/2020;108
1087092022933-01;502632;invoiced;PEN;138;138;28/12/2020;28/12/2020;138
1087081577068-01;502630;invoiced;PEN;157;157;28/12/2020;28/12/2020;157
1087102348473-01;502652;invoiced;PEN;463;463;28/12/2020;28/12/2020;463
1087112346916-01;502656;invoiced;PEN;479.2;479,2;28/12/2020;28/12/2020;479.2
1086890359854-01;502564;invoiced;PEN;167;167;28/12/2020;28/12/2020;167
1087040132852-01;502600;handling;PEN;191;191;28/12/2020;28/12/2020;191
1087011736824-01;502584;invoiced;PEN;92;92;28/12/2020;28/12/2020;92
1087030896983-01;502590;invoiced;PEN;158.4;158,4;28/12/2020;28/12/2020;158.4
1087031055184-01;502592;invoiced;PEN;214;214;28/12/2020;28/12/2020;214
1086901291526-01;502572;invoiced;PEN;50;50;28/12/2020;28/12/2020;50
1086931222324-01;502580;invoiced;PEN;85;85;28/12/2020;28/12/2020;85
1087070114998-01;502624;invoiced;PEN;160;160;28/12/2020;28/12/2020;160
1087093393684-01;502638;invoiced;PEN;174;174;28/12/2020;28/12/2020;174
1087093549784-01;502642;invoiced;PEN;68;68;28/12/2020;28/12/2020;68
1087091621091-01;502650;invoiced;PEN;153;153;28/12/2020;28/12/2020;153
1087101587212-01;502654;invoiced;PEN;741.4;741,4;28/12/2020;28/12/2020;741.4
1087052143621-01;502610;invoiced;PEN;89;89;28/12/2020;28/12/2020;89
1087042101244-01;502594;invoiced;PEN;442;442;28/12/2020;28/12/2020;442
1087342420096-01;502720;handling;PEN;155;155;29/12/2020;29/12/2020;155
1087281369764-01;502690;invoiced;PEN;181;181;29/12/2020;29/12/2020;181
1087311062166-01;502704;invoiced;PEN;377;377;29/12/2020;29/12/2020;377
1087302942893-01;502698;invoiced;PEN;256;256;29/12/2020;29/12/2020;256
1087221054900-01;502682;invoiced;PEN;113;113;29/12/2020;29/12/2020;113
1087323397106-01;502708;invoiced;PEN;94;94;29/12/2020;29/12/2020;94
1087321576764-01;502716;invoiced;PEN;422;422;29/12/2020;29/12/2020;422
1087320994651-01;502710;invoiced;PEN;255;255;29/12/2020;29/12/2020;255
1087321447576-01;502714;invoiced;PEN;132;132;29/12/2020;29/12/2020;132
1087341464617-01;502726;invoiced;PEN;64;64;29/12/2020;29/12/2020;64
1087271014020-01;502688;invoiced;PEN;163;163;29/12/2020;29/12/2020;163
1087230355531-01;502684;invoiced;PEN;418;418;29/12/2020;29/12/2020;418
1087121741045-01;502660;invoiced;PEN;55;55;29/12/2020;29/12/2020;55
1087151625032-01;502672;invoiced;PEN;112;112;29/12/2020;29/12/2020;112
1087141256706-01;502668;invoiced;PEN;223;223;29/12/2020;29/12/2020;223
1087141011416-01;502666;invoiced;PEN;92;92;29/12/2020;29/12/2020;92
1087301013710-01;502700;handling;PEN;88;88;29/12/2020;29/12/2020;88
1087130289693-01;502664;invoiced;PEN;225.2;225,2;29/12/2020;29/12/2020;225.2
1087120568785-01;502658;invoiced;PEN;88;88;29/12/2020;29/12/2020;88
1087131968663-01;502662;invoiced;PEN;189;189;29/12/2020;29/12/2020;189
1087153466881-01;502670;invoiced;PEN;99;99;29/12/2020;29/12/2020;99
1087161366376-01;502674;invoiced;PEN;178;178;29/12/2020;29/12/2020;178
1087243474421-01;502686;invoiced;PEN;95;95;29/12/2020;29/12/2020;95
1087190030345-01;502680;invoiced;PEN;166;166;29/12/2020;29/12/2020;166
1087322379525-01;502706;invoiced;PEN;188;188;29/12/2020;29/12/2020;188
1087340359002-01;502724;invoiced;PEN;98;98;29/12/2020;29/12/2020;98
1087321675335-01;502718;invoiced;PEN;490.8;490,8;29/12/2020;29/12/2020;490.8
1087501731275-01;502758;invoiced;PEN;265;265;30/12/2020;30/12/2020;265
1087523136687-01;502764;invoiced;PEN;49;49;30/12/2020;30/12/2020;49
1087571863666-01;502778;invoiced;PEN;236;236;30/12/2020;30/12/2020;236
1087572077719-01;502780;invoiced;PEN;302;302;30/12/2020;30/12/2020;302
1087553556425-01;502776;invoiced;PEN;176;176;30/12/2020;30/12/2020;176
1087590884257-01;502784;invoiced;PEN;199;199;30/12/2020;30/12/2020;199
1087592298150-01;502782;invoiced;PEN;213;213;30/12/2020;30/12/2020;213
1087390767263-01;502740;invoiced;PEN;408;408;30/12/2020;30/12/2020;408
1087382961627-01;502736;invoiced;PEN;206;206;30/12/2020;30/12/2020;206
1087370327719-01;502734;invoiced;PEN;159;159;30/12/2020;30/12/2020;159
1087383274789-01;502738;invoiced;PEN;69;69;30/12/2020;30/12/2020;69
1087360656281-01;502730;invoiced;PEN;167;167;30/12/2020;30/12/2020;167
1087530988240-01;502768;invoiced;PEN;162;162;30/12/2020;30/12/2020;162
1087530242267-01;502766;invoiced;PEN;166;166;30/12/2020;30/12/2020;166
1087403473569-01;502748;invoiced;PEN;94;94;30/12/2020;30/12/2020;94
1087513427576-01;502762;invoiced;PEN;80;80;30/12/2020;30/12/2020;80
1087553523514-01;502774;handling;PEN;157;157;30/12/2020;30/12/2020;157
1087402839948-01;502742;invoiced;PEN;120;120;30/12/2020;30/12/2020;120
1087411162585-01;502754;invoiced;PEN;157;157;30/12/2020;30/12/2020;157
1087403128286-01;502744;invoiced;PEN;181;181;30/12/2020;30/12/2020;181
1087410946823-01;502750;invoiced;PEN;170;170;30/12/2020;30/12/2020;170
1087360046577-01;502728;invoiced;PEN;166;166;30/12/2020;30/12/2020;166
1087360668464-01;502732;invoiced;PEN;160.4;160,4;30/12/2020;30/12/2020;160.4
1087542868642-01;502772;invoiced;PEN;162;162;30/12/2020;30/12/2020;162
1087542003115-01;502770;invoiced;PEN;78;78;30/12/2020;30/12/2020;78
1087603113439-01;502790;invoiced;PEN;306;306;30/12/2020;30/12/2020;306
1087631068635-01;502798;invoiced;PEN;151.4;151,4;31/12/2020;31/12/2020;151.4
1087813402416-01;502814;invoiced;PEN;88;88;31/12/2020;31/12/2020;88
1087822328987-01;502818;invoiced;PEN;95;95;31/12/2020;31/12/2020;95
1087813030494-01;502812;invoiced;PEN;149;149;31/12/2020;31/12/2020;149
1087822879953-01;502820;invoiced;PEN;105;105;31/12/2020;31/12/2020;105
1087833461455-01;502832;invoiced;PEN;88;88;31/12/2020;31/12/2020;88
1087822045037-01;502816;invoiced;PEN;83;83;31/12/2020;31/12/2020;83
1087821150969-01;502822;invoiced;PEN;73;73;31/12/2020;31/12/2020;73
1087842293587-01;502834;invoiced;PEN;145;145;31/12/2020;31/12/2020;145
1087833259279-01;502830;invoiced;PEN;78;78;31/12/2020;31/12/2020;78
1087650496545-01;502800;handling;PEN;138;138;31/12/2020;31/12/2020;138
1087740739201-01;502802;invoiced;PEN;145;145;31/12/2020;31/12/2020;145
1087791769435-01;502810;handling;PEN;179;179;31/12/2020;31/12/2020;179
1087783000271-01;502808;invoiced;PEN;88;88;31/12/2020;31/12/2020;88
1087770774155-01;502806;invoiced;PEN;162;162;31/12/2020;31/12/2020;162
1087832382074-01;502826;invoiced;PEN;160;160;31/12/2020;31/12/2020;160
1087612638482-01;502792;invoiced;PEN;457;457;31/12/2020;31/12/2020;457
1087611512428-01;502794;invoiced;PEN;118;118;31/12/2020;31/12/2020;118
