OrderId;Sequence;Status;Currency;Value;Value STR;CreationDate;ApprovedDate;
1080452715873-01;500637;invoiced;USD;85.6;85,6;01/12/2020;01/12/2020;85.6
1080421654715-01;500619;invoiced;USD;85.6;85,6;01/12/2020;01/12/2020;85.6
1080582960662-01;500661;invoiced;USD;21.62;21,62;01/12/2020;01/12/2020;21.62
1080540903565-01;500645;invoiced;USD;89.88;89,88;01/12/2020;01/12/2020;89.88
1080480557968-01;500639;invoiced;USD;61.25;61,25;01/12/2020;01/12/2020;61.25
1080600293726-01;500675;invoiced;USD;105.93;105,93;01/12/2020;01/12/2020;105.93
1080592557236-01;500665;invoiced;USD;71.69;71,69;01/12/2020;01/12/2020;71.69
1080431402877-01;500625;invoiced;USD;30.18;30,18;01/12/2020;01/12/2020;30.18
1080422696085-01;500609;invoiced;USD;27.62;27,62;01/12/2020;01/12/2020;27.62
1080422824742-01;500611;invoiced;USD;42.52;42,52;01/12/2020;01/12/2020;42.52
1080423156987-01;500613;invoiced;USD;66.34;66,34;01/12/2020;01/12/2020;66.34
1080612403200-01;500677;invoiced;USD;21.12;21,12;01/12/2020;01/12/2020;21.12
1080613163871-01;500681;invoiced;USD;30.18;30,18;01/12/2020;01/12/2020;30.18
1080633041447-01;500683;invoiced;USD;21.12;21,12;01/12/2020;01/12/2020;21.12
1080613033045-01;500679;invoiced;USD;119.84;119,84;01/12/2020;01/12/2020;119.84
1080631458210-01;500687;invoiced;USD;29.68;29,68;01/12/2020;01/12/2020;29.68
1080633369461-01;500685;invoiced;USD;38.24;38,24;01/12/2020;01/12/2020;38.24
1080420841656-01;500617;invoiced;USD;55.36;55,36;01/12/2020;01/12/2020;55.36
1080410977244-01;500607;invoiced;USD;12.56;12,56;01/12/2020;01/12/2020;12.56
1080541153004-01;500647;invoiced;USD;38.24;38,24;01/12/2020;01/12/2020;38.24
1080430407758-01;500621;invoiced;USD;109.68;109,68;01/12/2020;01/12/2020;109.68
1080542150433-01;500641;invoiced;USD;84.53;84,53;01/12/2020;01/12/2020;84.53
1080443423850-01;500631;invoiced;USD;52.69;52,69;01/12/2020;01/12/2020;52.69
1080440482191-01;500633;invoiced;USD;21.12;21,12;01/12/2020;01/12/2020;21.12
1080440535982-01;500635;invoiced;USD;21.12;21,12;01/12/2020;01/12/2020;21.12
1080543560501-01;500643;invoiced;USD;85.6;85,6;01/12/2020;01/12/2020;85.6
1080431126624-01;500623;invoiced;USD;101.65;101,65;01/12/2020;01/12/2020;101.65
1080431517494-01;500627;invoiced;USD;63.35;63,35;01/12/2020;01/12/2020;63.35
1080591013377-01;500669;invoiced;USD;68.48;68,48;01/12/2020;01/12/2020;68.48
1080593088286-01;500667;invoiced;USD;85.6;85,6;01/12/2020;01/12/2020;85.6
1080572596822-01;500657;invoiced;USD;66.34;66,34;01/12/2020;01/12/2020;66.34
1080551568862-01;500653;invoiced;USD;55.36;55,36;01/12/2020;01/12/2020;55.36
1080563211841-01;500655;invoiced;USD;27.27;27,27;01/12/2020;01/12/2020;27.27
1080552045853-01;500651;invoiced;USD;42.52;42,52;01/12/2020;01/12/2020;42.52
1080661192766-01;500691;invoiced;USD;24.32;24,32;02/12/2020;02/12/2020;24.32
1080761748818-01;500717;invoiced;USD;86.67;86,67;02/12/2020;02/12/2020;86.67
1080692544510-01;500711;invoiced;USD;68.48;68,48;02/12/2020;02/12/2020;68.48
1080680752176-01;500709;invoiced;USD;38.24;38,24;02/12/2020;02/12/2020;38.24
1080791416243-01;500721;invoiced;USD;70.62;70,62;02/12/2020;02/12/2020;70.62
1080802699348-01;500723;invoiced;USD;94.16;94,16;02/12/2020;02/12/2020;94.16
1080693537941-01;500713;invoiced;USD;12.56;12,56;02/12/2020;02/12/2020;12.56
1080673108130-01;500699;invoiced;USD;196.88;196,88;02/12/2020;02/12/2020;196.88
1080691615907-01;500715;invoiced;USD;38.24;38,24;02/12/2020;02/12/2020;38.24
1080672970878-01;500695;invoiced;USD;68.48;68,48;02/12/2020;02/12/2020;68.48
1080653002667-01;500689;invoiced;USD;57.5;57,5;02/12/2020;02/12/2020;57.5
1080661516160-01;500693;invoiced;USD;77.04;77,04;02/12/2020;02/12/2020;77.04
1080811398944-01;500725;invoiced;USD;42.52;42,52;02/12/2020;02/12/2020;42.52
1080822977738-01;500729;invoiced;USD;196.88;196,88;02/12/2020;02/12/2020;196.88
1081043255064-01;500745;invoiced;USD;36.1;36,1;03/12/2020;03/12/2020;36.1
1081073185325-01;500751;invoiced;USD;24.32;24,32;03/12/2020;03/12/2020;24.32
1081071387985-01;500753;invoiced;USD;50.73;50,73;03/12/2020;03/12/2020;50.73
1080890798615-01;500731;invoiced;USD;21.12;21,12;03/12/2020;03/12/2020;21.12
1080902212561-01;500733;invoiced;USD;21.12;21,12;03/12/2020;03/12/2020;21.12
1080902442415-01;500735;invoiced;USD;41.44;41,44;03/12/2020;03/12/2020;41.44
1081122741652-01;500759;invoiced;USD;74.86;74,86;03/12/2020;03/12/2020;74.86
1080923208921-01;500737;invoiced;USD;29.68;29,68;03/12/2020;03/12/2020;29.68
1081072302213-01;500749;invoiced;USD;68.48;68,48;03/12/2020;03/12/2020;68.48
1081080458923-01;500755;invoiced;USD;73.3;73,3;03/12/2020;03/12/2020;73.3
1081072244786-01;500747;invoiced;USD;16.84;16,84;03/12/2020;03/12/2020;16.84
1081042482107-01;500743;invoiced;USD;55.36;55,36;03/12/2020;03/12/2020;55.36
1081090283296-01;500757;invoiced;USD;64.2;64,2;03/12/2020;03/12/2020;64.2
1081270374584-01;500771;invoiced;USD;12.56;12,56;04/12/2020;04/12/2020;12.56
1081292427531-01;500773;invoiced;USD;55.36;55,36;04/12/2020;04/12/2020;55.36
1081180112902-01;500765;invoiced;USD;12.56;12,56;04/12/2020;04/12/2020;12.56
1081153538349-01;500761;invoiced;USD;21.12;21,12;04/12/2020;04/12/2020;21.12
1081221637531-01;500767;invoiced;USD;70.62;70,62;04/12/2020;04/12/2020;70.62
1081252371459-01;500769;invoiced;USD;175.27;175,27;04/12/2020;04/12/2020;175.27
1081321101330-01;500779;invoiced;USD;29.68;29,68;04/12/2020;04/12/2020;29.68
1081291015113-01;500775;invoiced;USD;32.32;32,32;04/12/2020;04/12/2020;32.32
1081313211686-01;500777;invoiced;USD;58.56;58,56;04/12/2020;04/12/2020;58.56
1081370444168-01;500789;invoiced;USD;21.12;21,12;05/12/2020;05/12/2020;21.12
1081391037309-01;500791;invoiced;USD;121.98;121,98;05/12/2020;05/12/2020;121.98
1081500717447-01;500801;invoiced;USD;21.12;21,12;05/12/2020;05/12/2020;21.12
1081570198885-01;500811;invoiced;USD;64.2;64,2;05/12/2020;05/12/2020;64.2
1081603125826-01;500813;invoiced;USD;115.57;115,57;05/12/2020;05/12/2020;115.57
1081442809927-01;500799;invoiced;USD;169.49;169,49;05/12/2020;05/12/2020;169.49
1081532234187-01;500807;invoiced;USD;12.56;12,56;05/12/2020;05/12/2020;12.56
1081512186846-01;500805;invoiced;USD;102.72;102,72;05/12/2020;05/12/2020;102.72
1081501456474-01;500803;invoiced;USD;97.74;97,74;05/12/2020;05/12/2020;97.74
1081560429636-01;500809;invoiced;USD;72.77;72,77;05/12/2020;05/12/2020;72.77
1081410574103-01;500797;invoiced;USD;64.2;64,2;05/12/2020;05/12/2020;64.2
1081751109549-01;500819;invoiced;USD;123.26;123,26;06/12/2020;06/12/2020;123.26
1081632139763-01;500815;invoiced;USD;42.52;42,52;06/12/2020;06/12/2020;42.52
1081643108921-01;500817;invoiced;USD;27.54;27,54;06/12/2020;06/12/2020;27.54
1081793140083-01;500825;invoiced;USD;58.57;58,57;06/12/2020;06/12/2020;58.57
1081821837208-01;500833;invoiced;USD;21.62;21,62;06/12/2020;06/12/2020;21.62
1081803115391-01;500829;invoiced;USD;21.12;21,12;06/12/2020;06/12/2020;21.12
1081770983475-01;500821;invoiced;USD;68.48;68,48;06/12/2020;06/12/2020;68.48
1081983162179-01;500843;invoiced;USD;21.62;21,62;07/12/2020;07/12/2020;21.62
1082001649173-01;500851;invoiced;USD;38.24;38,24;07/12/2020;07/12/2020;38.24
1082003287812-01;500849;invoiced;USD;100.87;100,87;07/12/2020;07/12/2020;100.87
1082041321202-01;500859;invoiced;USD;68.48;68,48;07/12/2020;07/12/2020;68.48
1082062341303-01;500863;invoiced;USD;93.05;93,05;07/12/2020;07/12/2020;93.05
1081990399804-01;500847;canceled;USD;100.87;100,87;07/12/2020;07/12/2020;100.87
1082010516836-01;500853;invoiced;USD;32.89;32,89;07/12/2020;07/12/2020;32.89
1082022321519-01;500855;invoiced;USD;66.07;66,07;07/12/2020;07/12/2020;66.07
1081840159535-01;500835;invoiced;USD;12.56;12,56;07/12/2020;07/12/2020;12.56
1082032387206-01;500857;invoiced;USD;38.24;38,24;07/12/2020;07/12/2020;38.24
1082061472153-01;500865;invoiced;USD;70.62;70,62;07/12/2020;07/12/2020;70.62
1082061701369-01;500867;invoiced;USD;50.23;50,23;07/12/2020;07/12/2020;50.23
1082071843902-01;500869;invoiced;USD;205.44;205,44;07/12/2020;07/12/2020;205.44
1082180246826-01;500881;invoiced;USD;68.48;68,48;08/12/2020;08/12/2020;68.48
1082112497217-01;500877;invoiced;USD;63.92;63,92;08/12/2020;08/12/2020;63.92
1082251054930-01;500891;invoiced;USD;103.79;103,79;08/12/2020;08/12/2020;103.79
1082230530918-01;500889;invoiced;USD;55.36;55,36;08/12/2020;08/12/2020;55.36
1082270540942-01;500895;invoiced;USD;50.23;50,23;08/12/2020;08/12/2020;50.23
1082090246094-01;500871;invoiced;USD;43.02;43,02;08/12/2020;08/12/2020;43.02
1082290930415-01;500899;invoiced;USD;29.68;29,68;08/12/2020;08/12/2020;29.68
1082310335319-01;500907;invoiced;USD;25.4;25,4;08/12/2020;08/12/2020;25.4
1082301069932-01;500905;invoiced;USD;38.24;38,24;08/12/2020;08/12/2020;38.24
1082323438243-01;500917;invoiced;USD;21.12;21,12;08/12/2020;08/12/2020;21.12
1082311166225-01;500909;invoiced;USD;46.8;46,8;08/12/2020;08/12/2020;46.8
1082323343296-01;500915;invoiced;USD;38.24;38,24;08/12/2020;08/12/2020;38.24
1082322432811-01;500911;invoiced;USD;12.56;12,56;08/12/2020;08/12/2020;12.56
1082291603890-01;500901;invoiced;USD;53.08;53,08;08/12/2020;08/12/2020;53.08
1082293423319-01;500897;invoiced;USD;64.7;64,7;08/12/2020;08/12/2020;64.7
1082221272593-01;500887;invoiced;USD;21.12;21,12;08/12/2020;08/12/2020;21.12
1082100985016-01;500875;invoiced;USD;70.62;70,62;08/12/2020;08/12/2020;70.62
1082262641355-01;500893;invoiced;USD;21.12;21,12;08/12/2020;08/12/2020;21.12
1082141651903-01;500879;invoiced;USD;13.06;13,06;08/12/2020;08/12/2020;13.06
1082100284575-01;500873;invoiced;USD;126.26;126,26;08/12/2020;08/12/2020;126.26
1082551527302-01;500959;invoiced;USD;73.81;73,81;09/12/2020;09/12/2020;73.81
1082473113148-01;500941;invoiced;USD;83.46;83,46;09/12/2020;09/12/2020;83.46
1082511606848-01;500953;invoiced;USD;38.67;38,67;09/12/2020;09/12/2020;38.67
1082511599892-01;500951;invoiced;USD;79.18;79,18;09/12/2020;09/12/2020;79.18
1082361563398-01;500935;invoiced;USD;179.76;179,76;09/12/2020;09/12/2020;179.76
1082320356621-01;500921;invoiced;USD;38.24;38,24;09/12/2020;09/12/2020;38.24
1082482393236-01;500947;invoiced;USD;27.54;27,54;09/12/2020;09/12/2020;27.54
1082342111068-01;500925;invoiced;USD;65.23;65,23;09/12/2020;09/12/2020;65.23
1082321056167-01;500923;invoiced;USD;21.12;21,12;09/12/2020;09/12/2020;21.12
1082362168182-01;500927;invoiced;USD;21.12;21,12;09/12/2020;09/12/2020;21.12
1082372111416-01;500937;invoiced;USD;64.49;64,49;09/12/2020;09/12/2020;64.49
1082551806911-01;500957;invoiced;USD;33.96;33,96;09/12/2020;09/12/2020;33.96
1082481317162-01;500949;invoiced;USD;100.58;100,58;09/12/2020;09/12/2020;100.58
1082471316860-01;500945;invoiced;USD;34.82;34,82;09/12/2020;09/12/2020;34.82
1082473326887-01;500943;invoiced;USD;19.41;19,41;09/12/2020;09/12/2020;19.41
1082523091075-01;500955;invoiced;USD;69.34;69,34;09/12/2020;09/12/2020;69.34
1082320354661-01;500919;invoiced;USD;46.8;46,8;09/12/2020;09/12/2020;46.8
1082590205383-01;500961;invoiced;USD;22.18;22,18;10/12/2020;10/12/2020;22.18
1082703470348-01;500963;invoiced;USD;42.52;42,52;10/12/2020;10/12/2020;42.52
1082773111425-01;500969;invoiced;USD;38.67;38,67;10/12/2020;10/12/2020;38.67
1082793416955-01;500971;invoiced;USD;42.52;42,52;10/12/2020;10/12/2020;42.52
1082751376497-01;500967;invoiced;USD;77.04;77,04;10/12/2020;10/12/2020;77.04
1083043487403-01;501003;invoiced;USD;42.52;42,52;11/12/2020;11/12/2020;42.52
1083023132293-01;501001;invoiced;USD;42.52;42,52;11/12/2020;11/12/2020;42.52
1082990925624-01;500999;invoiced;USD;30.48;30,48;11/12/2020;11/12/2020;30.48
1082820674298-01;500977;invoiced;USD;77.04;77,04;11/12/2020;11/12/2020;77.04
1082822802646-01;500975;invoiced;USD;61.78;61,78;11/12/2020;11/12/2020;61.78
1082920077979-01;500985;invoiced;USD;42.52;42,52;11/12/2020;11/12/2020;42.52
1082993548901-01;500997;invoiced;USD;52.95;52,95;11/12/2020;11/12/2020;52.95
1082922172439-01;500983;invoiced;USD;67.39;67,39;11/12/2020;11/12/2020;67.39
1082881620294-01;500981;invoiced;USD;85.6;85,6;11/12/2020;11/12/2020;85.6
1082981006509-01;500993;invoiced;USD;42.52;42,52;11/12/2020;11/12/2020;42.52
1082992947822-01;500995;invoiced;USD;38.67;38,67;11/12/2020;11/12/2020;38.67
1082931797173-01;500987;invoiced;USD;66.34;66,34;11/12/2020;11/12/2020;66.34
1082853242922-01;500979;invoiced;USD;42.52;42,52;11/12/2020;11/12/2020;42.52
1082800649260-01;500973;invoiced;USD;64.2;64,2;11/12/2020;11/12/2020;64.2
1082983390716-01;500991;invoiced;USD;74.86;74,86;11/12/2020;11/12/2020;74.86
1083070398219-01;501005;invoiced;USD;42.52;42,52;12/12/2020;12/12/2020;42.52
1083103064470-01;501013;invoiced;USD;68.34;68,34;12/12/2020;12/12/2020;68.34
1083181578385-01;501021;invoiced;USD;72.77;72,77;12/12/2020;12/12/2020;72.77
1083270552892-01;501027;invoiced;USD;118.48;118,48;12/12/2020;12/12/2020;118.48
1083082217762-01;501007;invoiced;USD;73.19;73,19;12/12/2020;12/12/2020;73.19
1083220303384-01;501025;invoiced;USD;33.39;33,39;12/12/2020;12/12/2020;33.39
1083190448433-01;501023;invoiced;USD;71.26;71,26;12/12/2020;12/12/2020;71.26
1083173105782-01;501017;invoiced;USD;36.6;36,6;12/12/2020;12/12/2020;36.6
1083141604698-01;501015;invoiced;USD;64.2;64,2;12/12/2020;12/12/2020;64.2
1083171211227-01;501019;invoiced;USD;42.52;42,52;12/12/2020;12/12/2020;42.52
1083081673445-01;501011;invoiced;USD;123.03;123,03;12/12/2020;12/12/2020;123.03
1083300245620-01;501029;invoiced;USD;66.88;66,88;13/12/2020;13/12/2020;66.88
1083492121063-01;501049;invoiced;USD;141.5;141,5;13/12/2020;13/12/2020;141.5
1083310684979-01;501033;invoiced;USD;41.43;41,43;13/12/2020;13/12/2020;41.43
1083410228436-01;501035;invoiced;USD;69.02;69,02;13/12/2020;13/12/2020;69.02
1083452556862-01;501045;invoiced;USD;40.38;40,38;13/12/2020;13/12/2020;40.38
1083482099454-01;501047;invoiced;USD;70.62;70,62;13/12/2020;13/12/2020;70.62
1083573246713-01;501057;invoiced;USD;72.76;72,76;14/12/2020;14/12/2020;72.76
1083550622989-01;501055;invoiced;USD;83.46;83,46;14/12/2020;14/12/2020;83.46
1083672453016-01;501061;invoiced;USD;77.04;77,04;14/12/2020;14/12/2020;77.04
1083531595753-01;501053;invoiced;USD;14.7;14,7;14/12/2020;14/12/2020;14.7
1083690741667-01;501069;invoiced;USD;67.6;67,6;14/12/2020;14/12/2020;67.6
1083701740816-01;501071;invoiced;USD;42.52;42,52;14/12/2020;14/12/2020;42.52
1083751401162-01;501097;invoiced;USD;77.04;77,04;14/12/2020;14/12/2020;77.04
1083752653422-01;501089;invoiced;USD;42.52;42,52;14/12/2020;14/12/2020;42.52
1083723013323-01;501077;invoiced;USD;72.12;72,12;14/12/2020;14/12/2020;72.12
1083692695355-01;501063;invoiced;USD;77.04;77,04;14/12/2020;14/12/2020;77.04
1083710219626-01;501073;invoiced;USD;114.28;114,28;14/12/2020;14/12/2020;114.28
1083732678747-01;501079;invoiced;USD;65.25;65,25;14/12/2020;14/12/2020;65.25
1083693438401-01;501067;invoiced;USD;63.92;63,92;14/12/2020;14/12/2020;63.92
1083692947412-01;501065;invoiced;USD;38.67;38,67;14/12/2020;14/12/2020;38.67
1083711257006-01;501075;invoiced;USD;37.16;37,16;14/12/2020;14/12/2020;37.16
1083761899581-01;501099;invoiced;USD;81.32;81,32;14/12/2020;14/12/2020;81.32
1083740018291-01;501083;invoiced;USD;38.67;38,67;14/12/2020;14/12/2020;38.67
1083750296015-01;501091;invoiced;USD;64.84;64,84;14/12/2020;14/12/2020;64.84
1083740438693-01;501085;invoiced;USD;87.74;87,74;14/12/2020;14/12/2020;87.74
1083911042007-01;501125;invoiced;USD;48.15;48,15;15/12/2020;15/12/2020;48.15
1083921353314-01;501133;invoiced;USD;44.94;44,94;15/12/2020;15/12/2020;44.94
1083921150976-01;501131;invoiced;USD;47.08;47,08;15/12/2020;15/12/2020;47.08
1083862136900-01;501113;invoiced;USD;70.09;70,09;15/12/2020;15/12/2020;70.09
1083800373422-01;501111;invoiced;USD;68.05;68,05;15/12/2020;15/12/2020;68.05
1083770269305-01;501101;invoiced;USD;17.34;17,34;15/12/2020;15/12/2020;17.34
1083802656071-01;501109;invoiced;USD;76.4;76,4;15/12/2020;15/12/2020;76.4
1083933369732-01;501137;invoiced;USD;41.88;41,88;15/12/2020;15/12/2020;41.88
1083932321051-01;501135;invoiced;USD;33.96;33,96;15/12/2020;15/12/2020;33.96
1083971923885-01;501155;invoiced;USD;25.19;25,19;15/12/2020;15/12/2020;25.19
1083971859718-01;501153;invoiced;USD;26.47;26,47;15/12/2020;15/12/2020;26.47
1083960539360-01;501151;invoiced;USD;67.41;67,41;15/12/2020;15/12/2020;67.41
1083951811472-01;501147;invoiced;USD;59.92;59,92;15/12/2020;15/12/2020;59.92
1083941356609-01;501145;invoiced;USD;74.9;74,9;15/12/2020;15/12/2020;74.9
1083943024938-01;501143;invoiced;USD;45.72;45,72;15/12/2020;15/12/2020;45.72
1083942677650-01;501141;invoiced;USD;74.9;74,9;15/12/2020;15/12/2020;74.9
1083982733653-01;501159;invoiced;USD;26.47;26,47;15/12/2020;15/12/2020;26.47
1083992700395-01;501167;invoiced;USD;14.7;14,7;15/12/2020;15/12/2020;14.7
1083980154264-01;501161;invoiced;USD;69.34;69,34;15/12/2020;15/12/2020;69.34
1083902857655-01;501121;invoiced;USD;26.47;26,47;15/12/2020;15/12/2020;26.47
1083891567792-01;501119;invoiced;USD;68.48;68,48;15/12/2020;15/12/2020;68.48
1083910873751-01;501123;invoiced;USD;33.96;33,96;15/12/2020;15/12/2020;33.96
1083922184430-01;501127;invoiced;USD;52.43;52,43;15/12/2020;15/12/2020;52.43
1083981717988-01;501163;invoiced;USD;33.96;33,96;15/12/2020;15/12/2020;33.96
1083921040887-01;501129;invoiced;USD;26.47;26,47;15/12/2020;15/12/2020;26.47
1083933430813-01;501139;invoiced;USD;33.96;33,96;15/12/2020;15/12/2020;33.96
1083793246164-01;501107;invoiced;USD;25.4;25,4;15/12/2020;15/12/2020;25.4
1083883089466-01;501115;invoiced;USD;97.37;97,37;15/12/2020;15/12/2020;97.37
1083962672460-01;501149;invoiced;USD;33.96;33,96;15/12/2020;15/12/2020;33.96
1084220167156-01;501253;invoiced;USD;42.52;42,52;16/12/2020;16/12/2020;42.52
1084133344234-01;501209;invoiced;USD;42.52;42,52;16/12/2020;16/12/2020;42.52
1084131565228-01;501213;invoiced;USD;41.45;41,45;16/12/2020;16/12/2020;41.45
1084212986027-01;501247;invoiced;USD;104;104;16/12/2020;16/12/2020;104
1084213202763-01;501249;invoiced;USD;41.45;41,45;16/12/2020;16/12/2020;41.45
1084233264027-01;501261;invoiced;USD;60.99;60,99;16/12/2020;16/12/2020;60.99
1084221357973-01;501257;invoiced;USD;33.96;33,96;16/12/2020;16/12/2020;33.96
1084181037892-01;501237;invoiced;USD;64.2;64,2;16/12/2020;16/12/2020;64.2
1084191265175-01;501243;invoiced;USD;42.52;42,52;16/12/2020;16/12/2020;42.52
1084180212460-01;501235;invoiced;USD;60.99;60,99;16/12/2020;16/12/2020;60.99
1084161525042-01;501223;invoiced;USD;18.98;18,98;16/12/2020;16/12/2020;18.98
1084160646396-01;501221;invoiced;USD;42.52;42,52;16/12/2020;16/12/2020;42.52
1084043206585-01;501183;invoiced;USD;52.43;52,43;16/12/2020;16/12/2020;52.43
1084122525182-01;501203;invoiced;USD;97.37;97,37;16/12/2020;16/12/2020;97.37
1084000942259-01;501169;invoiced;USD;41.45;41,45;16/12/2020;16/12/2020;41.45
1084010673482-01;501173;invoiced;USD;26.47;26,47;16/12/2020;16/12/2020;26.47
1084020103605-01;501177;invoiced;USD;26.47;26,47;16/12/2020;16/12/2020;26.47
1084040549075-01;501187;invoiced;USD;37.17;37,17;16/12/2020;16/12/2020;37.17
1084043539235-01;501185;invoiced;USD;41.45;41,45;16/12/2020;16/12/2020;41.45
1084233038109-01;501259;invoiced;USD;67.41;67,41;16/12/2020;16/12/2020;67.41
1084160351995-01;501219;invoiced;USD;26.47;26,47;16/12/2020;16/12/2020;26.47
1084080362746-01;501199;invoiced;USD;65.27;65,27;16/12/2020;16/12/2020;65.27
1084052638111-01;501193;invoiced;USD;66.07;66,07;16/12/2020;16/12/2020;66.07
1084171049811-01;501231;invoiced;USD;26.47;26,47;16/12/2020;16/12/2020;26.47
1084173378414-01;501229;invoiced;USD;37.16;37,16;16/12/2020;16/12/2020;37.16
1084172859609-01;501227;invoiced;USD;39.17;39,17;16/12/2020;16/12/2020;39.17
1084132247685-01;501207;invoiced;USD;94.16;94,16;16/12/2020;16/12/2020;94.16
1084113486145-01;501201;invoiced;USD;18.98;18,98;16/12/2020;16/12/2020;18.98
1084052963887-01;501195;invoiced;USD;67.41;67,41;16/12/2020;16/12/2020;67.41
1084010393612-01;501171;invoiced;USD;33.96;33,96;16/12/2020;16/12/2020;33.96
1084190070092-01;501241;invoiced;USD;75.97;75,97;16/12/2020;16/12/2020;75.97
1084192712327-01;501239;invoiced;USD;67.41;67,41;16/12/2020;16/12/2020;67.41
1084150631227-01;501217;invoiced;USD;18.98;18,98;16/12/2020;16/12/2020;18.98
1084022128390-01;501175;invoiced;USD;70.62;70,62;16/12/2020;16/12/2020;70.62
1084201519523-01;501245;invoiced;USD;42.52;42,52;16/12/2020;16/12/2020;42.52
1084211379960-01;501251;invoiced;USD;69.34;69,34;16/12/2020;16/12/2020;69.34
1084242209456-01;501263;invoiced;USD;42.52;42,52;16/12/2020;16/12/2020;42.52
1084220729509-01;501255;invoiced;USD;43.02;43,02;16/12/2020;16/12/2020;43.02
1084132209367-01;501205;invoiced;USD;41.45;41,45;16/12/2020;16/12/2020;41.45
1084130691274-01;501211;invoiced;USD;89.88;89,88;16/12/2020;16/12/2020;89.88
1084051991867-01;501189;invoiced;USD;26.47;26,47;16/12/2020;16/12/2020;26.47
1084440724348-01;501415;invoiced;USD;47.88;47,88;17/12/2020;17/12/2020;47.88
1084440464128-01;501409;invoiced;USD;70.53;70,53;17/12/2020;17/12/2020;70.53
1084443179580-01;501401;invoiced;USD;52.36;52,36;17/12/2020;17/12/2020;52.36
1084442745036-01;501393;invoiced;USD;67.41;67,41;17/12/2020;17/12/2020;67.41
1084482133456-01;501463;invoiced;USD;58.28;58,28;17/12/2020;17/12/2020;58.28
1084261630192-01;501279;invoiced;USD;26.97;26,97;17/12/2020;17/12/2020;26.97
1084262720456-01;501269;invoiced;USD;67.41;67,41;17/12/2020;17/12/2020;67.41
1084261863828-01;501267;invoiced;USD;67.41;67,41;17/12/2020;17/12/2020;67.41
1084343213573-01;501301;invoiced;USD;44.94;44,94;17/12/2020;17/12/2020;44.94
1084361877625-01;501305;invoiced;USD;33.96;33,96;17/12/2020;17/12/2020;33.96
1084311352949-01;501297;invoiced;USD;84.96;84,96;17/12/2020;17/12/2020;84.96
1084303472777-01;501291;invoiced;USD;33.96;33,96;17/12/2020;17/12/2020;33.96
1084383342320-01;501317;invoiced;USD;41.45;41,45;17/12/2020;17/12/2020;41.45
1084373312906-01;501309;canceled;USD;42.52;42,52;17/12/2020;17/12/2020;42.52
1084400291541-01;501327;invoiced;USD;44.88;44,88;17/12/2020;17/12/2020;44.88
1084401782740-01;501333;invoiced;USD;52.36;52,36;17/12/2020;17/12/2020;52.36
1084261176336-01;501277;invoiced;USD;82.39;82,39;17/12/2020;17/12/2020;82.39
1084370807562-01;501311;invoiced;USD;98.44;98,44;17/12/2020;17/12/2020;98.44
1084302248524-01;501289;canceled;USD;42.52;42,52;17/12/2020;17/12/2020;42.52
1084431989128-01;501373;invoiced;USD;33.92;33,92;17/12/2020;17/12/2020;33.92
1084433460929-01;501379;invoiced;USD;33.92;33,92;17/12/2020;17/12/2020;33.92
1084430256479-01;501381;invoiced;USD;44.88;44,88;17/12/2020;17/12/2020;44.88
1084431309781-01;501383;invoiced;USD;18.96;18,96;17/12/2020;17/12/2020;18.96
1084442144637-01;501387;invoiced;USD;73.76;73,76;17/12/2020;17/12/2020;73.76
1084431416134-01;501385;invoiced;USD;19.46;19,46;17/12/2020;17/12/2020;19.46
1084442880510-01;501395;invoiced;USD;38.16;38,16;17/12/2020;17/12/2020;38.16
1084443535924-01;501405;invoiced;USD;34.42;34,42;17/12/2020;17/12/2020;34.42
1084412091548-01;501335;invoiced;USD;44.87;44,87;17/12/2020;17/12/2020;44.87
1084410130258-01;501343;invoiced;USD;44.88;44,88;17/12/2020;17/12/2020;44.88
1084423014312-01;501361;invoiced;USD;104.05;104,05;17/12/2020;17/12/2020;104.05
1084423370672-01;501363;invoiced;USD;44.88;44,88;17/12/2020;17/12/2020;44.88
1084373219035-01;501307;invoiced;USD;33.96;33,96;17/12/2020;17/12/2020;33.96
1084411472017-01;501355;invoiced;USD;47.11;47,11;17/12/2020;17/12/2020;47.11
1084371264776-01;501313;invoiced;USD;33.96;33,96;17/12/2020;17/12/2020;33.96
1084411126373-01;501349;invoiced;USD;70.96;70,96;17/12/2020;17/12/2020;70.96
1084382069081-01;501315;invoiced;USD;63.4;63,4;17/12/2020;17/12/2020;63.4
1084411313864-01;501353;invoiced;USD;26.44;26,44;17/12/2020;17/12/2020;26.44
1084301733832-01;501295;invoiced;USD;34.46;34,46;17/12/2020;17/12/2020;34.46
1084410789424-01;501347;invoiced;USD;33.92;33,92;17/12/2020;17/12/2020;33.92
1084272701720-01;501281;invoiced;USD;52.43;52,43;17/12/2020;17/12/2020;52.43
1084271214322-01;501283;invoiced;USD;39.95;39,95;17/12/2020;17/12/2020;39.95
1084280016391-01;501285;invoiced;USD;82.6;82,6;17/12/2020;17/12/2020;82.6
1084281147690-01;501287;invoiced;USD;43.87;43,87;17/12/2020;17/12/2020;43.87
1084452559122-01;501421;invoiced;USD;82.27;82,27;17/12/2020;17/12/2020;82.27
1084483158668-01;501465;invoiced;USD;59.83;59,83;17/12/2020;17/12/2020;59.83
1084452574121-01;501423;invoiced;USD;26.44;26,44;17/12/2020;17/12/2020;26.44
1084450425855-01;501427;invoiced;USD;41.95;41,95;17/12/2020;17/12/2020;41.95
1084453374013-01;501425;invoiced;USD;20.88;20,88;17/12/2020;17/12/2020;20.88
1084433404146-01;501377;invoiced;USD;24.19;24,19;17/12/2020;17/12/2020;24.19
1084450893609-01;501431;invoiced;USD;68.29;68,29;17/12/2020;17/12/2020;68.29
1084421222096-01;501371;invoiced;USD;68.68;68,68;17/12/2020;17/12/2020;68.68
1084433034011-01;501375;invoiced;USD;18.96;18,96;17/12/2020;17/12/2020;18.96
1084440234968-01;501407;invoiced;USD;64.2;64,2;17/12/2020;17/12/2020;64.2
1084420875650-01;501369;invoiced;USD;33.92;33,92;17/12/2020;17/12/2020;33.92
1084462554430-01;501445;invoiced;USD;26.46;26,46;17/12/2020;17/12/2020;26.46
1084420738664-01;501367;invoiced;USD;52.38;52,38;17/12/2020;17/12/2020;52.38
1084462303307-01;501443;invoiced;USD;26.44;26,44;17/12/2020;17/12/2020;26.44
1084423402008-01;501365;invoiced;USD;26.44;26,44;17/12/2020;17/12/2020;26.44
1084463152630-01;501449;invoiced;USD;11.48;11,48;17/12/2020;17/12/2020;11.48
1084412743854-01;501339;invoiced;USD;29.66;29,66;17/12/2020;17/12/2020;29.66
1084412690547-01;501337;invoiced;USD;44.94;44,94;17/12/2020;17/12/2020;44.94
1084460646063-01;501453;invoiced;USD;41.4;41,4;17/12/2020;17/12/2020;41.4
1084410508998-01;501345;invoiced;USD;54.78;54,78;17/12/2020;17/12/2020;54.78
1084470171535-01;501457;invoiced;USD;44.88;44,88;17/12/2020;17/12/2020;44.88
1084411180758-01;501351;invoiced;USD;33.92;33,92;17/12/2020;17/12/2020;33.92
1084470418250-01;501459;invoiced;USD;26.44;26,44;17/12/2020;17/12/2020;26.44
1084442397404-01;501391;invoiced;USD;75.29;75,29;17/12/2020;17/12/2020;75.29
1084482031159-01;501461;invoiced;USD;44.94;44,94;17/12/2020;17/12/2020;44.94
1084442348431-01;501389;invoiced;USD;100.45;100,45;17/12/2020;17/12/2020;100.45
1084413476475-01;501341;invoiced;USD;33.92;33,92;17/12/2020;17/12/2020;33.92
1084450483208-01;501429;invoiced;USD;41.4;41,4;17/12/2020;17/12/2020;41.4
1084443338188-01;501403;invoiced;USD;18.96;18,96;17/12/2020;17/12/2020;18.96
1084441670743-01;501419;invoiced;USD;89.75;89,75;17/12/2020;17/12/2020;89.75
1084391123043-01;501321;canceled;USD;66.34;66,34;17/12/2020;17/12/2020;66.34
1084263042211-01;501271;invoiced;USD;26.47;26,47;17/12/2020;17/12/2020;26.47
1084392439457-01;501319;invoiced;USD;41.45;41,45;17/12/2020;17/12/2020;41.45
1084263250922-01;501273;invoiced;USD;42.52;42,52;17/12/2020;17/12/2020;42.52
1084260821837-01;501275;invoiced;USD;65;65;17/12/2020;17/12/2020;65
1084400978443-01;501331;invoiced;USD;68.54;68,54;17/12/2020;17/12/2020;68.54
1084321541851-01;501299;invoiced;USD;44.13;44,13;17/12/2020;17/12/2020;44.13
1084400519172-01;501329;invoiced;USD;112.29;112,29;17/12/2020;17/12/2020;112.29
1084400057310-01;501325;invoiced;USD;33.96;33,96;17/12/2020;17/12/2020;33.96
1084403387042-01;501323;invoiced;USD;33.92;33,92;17/12/2020;17/12/2020;33.92
1084300385817-01;501293;canceled;USD;116.63;116,63;17/12/2020;17/12/2020;116.63
1084461864159-01;501437;invoiced;USD;89.75;89,75;17/12/2020;17/12/2020;89.75
1084451525380-01;501433;invoiced;USD;33.94;33,94;17/12/2020;17/12/2020;33.94
1084462056895-01;501439;invoiced;USD;33.96;33,96;17/12/2020;17/12/2020;33.96
1084462589027-01;501447;invoiced;USD;48.88;48,88;17/12/2020;17/12/2020;48.88
1084463418378-01;501451;invoiced;USD;51.11;51,11;17/12/2020;17/12/2020;51.11
1084470017884-01;501455;invoiced;USD;18.96;18,96;17/12/2020;17/12/2020;18.96
1084422297800-01;501357;invoiced;USD;18.96;18,96;17/12/2020;17/12/2020;18.96
1084712503761-01;501768;invoiced;USD;19.47;19,47;18/12/2020;18/12/2020;19.47
1084700937278-01;501762;invoiced;USD;77.52;77,52;18/12/2020;18/12/2020;77.52
1084712174488-01;501766;invoiced;USD;67.31;67,31;18/12/2020;18/12/2020;67.31
1084723335855-01;501800;invoiced;USD;89.75;89,75;18/12/2020;18/12/2020;89.75
1084711299141-01;501780;invoiced;USD;67.41;67,41;18/12/2020;18/12/2020;67.41
1084701241202-01;501764;invoiced;USD;74.9;74,9;18/12/2020;18/12/2020;74.9
1084702310597-01;501746;invoiced;USD;26.46;26,46;18/12/2020;18/12/2020;26.46
1084703115727-01;501754;invoiced;USD;74.9;74,9;18/12/2020;18/12/2020;74.9
1084723498451-01;501802;invoiced;USD;33.92;33,92;18/12/2020;18/12/2020;33.92
1084702010644-01;501740;invoiced;USD;33.92;33,92;18/12/2020;18/12/2020;33.92
1084722811039-01;501790;invoiced;USD;41.4;41,4;18/12/2020;18/12/2020;41.4
1084702168875-01;501744;invoiced;USD;33.94;33,94;18/12/2020;18/12/2020;33.94
1084722644859-01;501786;invoiced;USD;18.96;18,96;18/12/2020;18/12/2020;18.96
1084710681751-01;501776;invoiced;USD;18.96;18,96;18/12/2020;18/12/2020;18.96
1084481703015-01;501469;invoiced;USD;33.92;33,92;18/12/2020;18/12/2020;33.92
1084500938072-01;501503;invoiced;USD;18.96;18,96;18/12/2020;18/12/2020;18.96
1084530002008-01;501549;invoiced;USD;44.88;44,88;18/12/2020;18/12/2020;44.88
1084502094283-01;501489;invoiced;USD;44.88;44,88;18/12/2020;18/12/2020;44.88
1084491126915-01;501477;invoiced;USD;33.92;33,92;18/12/2020;18/12/2020;33.92
1084491625614-01;501485;invoiced;USD;41.4;41,4;18/12/2020;18/12/2020;41.4
1084501825460-01;501487;invoiced;USD;30.92;30,92;18/12/2020;18/12/2020;30.92
1084502175264-01;501491;invoiced;USD;33.92;33,92;18/12/2020;18/12/2020;33.92
1084492666441-01;501471;invoiced;USD;89.75;89,75;18/12/2020;18/12/2020;89.75
1084520947650-01;501547;invoiced;USD;26.47;26,47;18/12/2020;18/12/2020;26.47
1084511500602-01;501527;invoiced;USD;33.92;33,92;18/12/2020;18/12/2020;33.92
1084491275691-01;501481;invoiced;USD;33.92;33,92;18/12/2020;18/12/2020;33.92
1084512335929-01;501507;invoiced;USD;33.96;33,96;18/12/2020;18/12/2020;33.96
1084503555692-01;501501;invoiced;USD;18.96;18,96;18/12/2020;18/12/2020;18.96
1084500990835-01;501505;invoiced;USD;33.96;33,96;18/12/2020;18/12/2020;33.96
1084641858229-01;501591;invoiced;USD;52.4;52,4;18/12/2020;18/12/2020;52.4
1084650822368-01;501605;invoiced;USD;18.96;18,96;18/12/2020;18/12/2020;18.96
1084612878651-01;501555;invoiced;USD;45.07;45,07;18/12/2020;18/12/2020;45.07
1084611299930-01;501565;invoiced;USD;82.33;82,33;18/12/2020;18/12/2020;82.33
1084622951130-01;501569;invoiced;USD;67.39;67,39;18/12/2020;18/12/2020;67.39
1084651475460-01;501609;invoiced;USD;115.29;115,29;18/12/2020;18/12/2020;115.29
1084502764981-01;501497;invoiced;USD;44.94;44,94;18/12/2020;18/12/2020;44.94
1084491569688-01;501483;invoiced;USD;66.08;66,08;18/12/2020;18/12/2020;66.08
1084642827090-01;501593;invoiced;USD;18.96;18,96;18/12/2020;18/12/2020;18.96
1084611239372-01;501563;invoiced;USD;115.84;115,84;18/12/2020;18/12/2020;115.84
1084512461143-01;501509;invoiced;USD;134.63;134,63;18/12/2020;18/12/2020;134.63
1084503323831-01;501499;invoiced;USD;67.38;67,38;18/12/2020;18/12/2020;67.38
1084610982677-01;501561;invoiced;USD;33.92;33,92;18/12/2020;18/12/2020;33.92
1084572418715-01;501553;invoiced;USD;11.49;11,49;18/12/2020;18/12/2020;11.49
1084512835982-01;501513;invoiced;USD;33.92;33,92;18/12/2020;18/12/2020;33.92
1084540527864-01;501551;invoiced;USD;33.96;33,96;18/12/2020;18/12/2020;33.96
1084650812660-01;501603;invoiced;USD;30.92;30,92;18/12/2020;18/12/2020;30.92
1084650159147-01;501601;invoiced;USD;33.92;33,92;18/12/2020;18/12/2020;33.92
1084650926018-01;501607;invoiced;USD;67.31;67,31;18/12/2020;18/12/2020;67.31
1084493275225-01;501475;invoiced;USD;89.75;89,75;18/12/2020;18/12/2020;89.75
1084492804958-01;501473;invoiced;USD;18.96;18,96;18/12/2020;18/12/2020;18.96
1084480997317-01;501467;invoiced;USD;63.84;63,84;18/12/2020;18/12/2020;63.84
1084623245220-01;501571;invoiced;USD;45.05;45,05;18/12/2020;18/12/2020;45.05
1084621177954-01;501573;invoiced;USD;42.23;42,23;18/12/2020;18/12/2020;42.23
1084713113740-01;501770;invoiced;USD;18.96;18,96;18/12/2020;18/12/2020;18.96
1084710009703-01;501774;invoiced;USD;40.37;40,37;18/12/2020;18/12/2020;40.37
1084713444365-01;501772;invoiced;USD;26.44;26,44;18/12/2020;18/12/2020;26.44
1084723209746-01;501798;invoiced;USD;119.67;119,67;18/12/2020;18/12/2020;119.67
1084632451243-01;501575;invoiced;USD;81.06;81,06;18/12/2020;18/12/2020;81.06
1084630172326-01;501579;invoiced;USD;74.81;74,81;18/12/2020;18/12/2020;74.81
1084633520406-01;501577;invoiced;USD;89.75;89,75;18/12/2020;18/12/2020;89.75
1084631388276-01;501587;invoiced;USD;26.44;26,44;18/12/2020;18/12/2020;26.44
1084631221802-01;501585;invoiced;USD;29.04;29,04;18/12/2020;18/12/2020;29.04
1084643288414-01;501595;invoiced;USD;42.8;42,8;18/12/2020;18/12/2020;42.8
1084630867266-01;501581;invoiced;USD;26.44;26,44;18/12/2020;18/12/2020;26.44
1084722828471-01;501792;invoiced;USD;33.96;33,96;18/12/2020;18/12/2020;33.96
1084722412542-01;501784;invoiced;USD;33.92;33,92;18/12/2020;18/12/2020;33.92
1084703396860-01;501760;invoiced;USD;161.55;161,55;18/12/2020;18/12/2020;161.55
1084703261755-01;501756;invoiced;USD;41.4;41,4;18/12/2020;18/12/2020;41.4
1084940903834-01;502018;invoiced;USD;33.92;33,92;19/12/2020;19/12/2020;33.92
1084941293677-01;502022;invoiced;USD;74.9;74,9;19/12/2020;19/12/2020;74.9
1084940296045-01;502014;invoiced;USD;41.43;41,43;19/12/2020;19/12/2020;41.43
1084952245082-01;502026;invoiced;USD;26.44;26,44;19/12/2020;19/12/2020;26.44
1084952523906-01;502036;invoiced;USD;44.88;44,88;19/12/2020;19/12/2020;44.88
1084950665869-01;502042;invoiced;USD;44.94;44,94;19/12/2020;19/12/2020;44.94
1084952462676-01;502030;invoiced;USD;26.47;26,47;19/12/2020;19/12/2020;26.47
1084731635646-01;501828;invoiced;USD;44.88;44,88;19/12/2020;19/12/2020;44.88
1084732313691-01;501812;invoiced;USD;26.44;26,44;19/12/2020;19/12/2020;26.44
1084933023160-01;501996;invoiced;USD;26.46;26,46;19/12/2020;19/12/2020;26.46
1084943093694-01;502008;invoiced;USD;93.52;93,52;19/12/2020;19/12/2020;93.52
1084731716173-01;501830;invoiced;USD;44.92;44,92;19/12/2020;19/12/2020;44.92
1084940139244-01;502010;invoiced;USD;33.94;33,94;19/12/2020;19/12/2020;33.94
1084933181701-01;501998;invoiced;USD;26.44;26,44;19/12/2020;19/12/2020;26.44
1084731255769-01;501826;invoiced;USD;29.87;29,87;19/12/2020;19/12/2020;29.87
1084742643391-01;501834;invoiced;USD;18.96;18,96;19/12/2020;19/12/2020;18.96
1084742598936-01;501832;invoiced;USD;26.47;26,47;19/12/2020;19/12/2020;26.47
1084770339626-01;501884;invoiced;USD;41.45;41,45;19/12/2020;19/12/2020;41.45
1084902709611-01;501970;invoiced;USD;18.96;18,96;19/12/2020;19/12/2020;18.96
1084740178828-01;501840;invoiced;USD;26.44;26,44;19/12/2020;19/12/2020;26.44
1084751856209-01;501842;invoiced;USD;33.92;33,92;19/12/2020;19/12/2020;33.92
1084813595076-01;501894;invoiced;USD;18.96;18,96;19/12/2020;19/12/2020;18.96
1084751184827-01;501860;invoiced;USD;41.45;41,45;19/12/2020;19/12/2020;41.45
1084750154873-01;501852;invoiced;USD;69.5;69,5;19/12/2020;19/12/2020;69.5
1084841890087-01;501896;invoiced;USD;41.45;41,45;19/12/2020;19/12/2020;41.45
1084850081658-01;501900;invoiced;USD;18.96;18,96;19/12/2020;19/12/2020;18.96
1084751368455-01;501862;invoiced;USD;78.01;78,01;19/12/2020;19/12/2020;78.01
1084761708641-01;501874;invoiced;USD;37.12;37,12;19/12/2020;19/12/2020;37.12
1084873248406-01;501924;invoiced;USD;38.08;38,08;19/12/2020;19/12/2020;38.08
1084772805152-01;501882;invoiced;USD;31.43;31,43;19/12/2020;19/12/2020;31.43
1084772286850-01;501880;invoiced;USD;30.11;30,11;19/12/2020;19/12/2020;30.11
1084760675792-01;501872;invoiced;USD;65.22;65,22;19/12/2020;19/12/2020;65.22
1084850485624-01;501902;invoiced;USD;26.44;26,44;19/12/2020;19/12/2020;26.44
1084862578067-01;501906;invoiced;USD;41.88;41,88;19/12/2020;19/12/2020;41.88
1084872021200-01;501918;invoiced;USD;18.96;18,96;19/12/2020;19/12/2020;18.96
1084860533672-01;501914;invoiced;USD;48.1;48,1;19/12/2020;19/12/2020;48.1
1084870094345-01;501926;invoiced;USD;44.94;44,94;19/12/2020;19/12/2020;44.94
1084762712660-01;501868;invoiced;USD;26.44;26,44;19/12/2020;19/12/2020;26.44
1084751701643-01;501864;invoiced;USD;67.31;67,31;19/12/2020;19/12/2020;67.31
1084753151657-01;501850;invoiced;USD;26.44;26,44;19/12/2020;19/12/2020;26.44
1084893563149-01;501964;invoiced;USD;33.92;33,92;19/12/2020;19/12/2020;33.92
1084890348565-01;501966;invoiced;USD;54.08;54,08;19/12/2020;19/12/2020;54.08
1084892164727-01;501960;invoiced;USD;26.94;26,94;19/12/2020;19/12/2020;26.94
1084881917397-01;501934;invoiced;USD;48.14;48,14;19/12/2020;19/12/2020;48.14
1084880343754-01;501948;invoiced;USD;82.27;82,27;19/12/2020;19/12/2020;82.27
1084880216013-01;501946;invoiced;USD;26.46;26,46;19/12/2020;19/12/2020;26.46
1084912701692-01;501978;invoiced;USD;18.96;18,96;19/12/2020;19/12/2020;18.96
1084910708363-01;501982;invoiced;USD;18.96;18,96;19/12/2020;19/12/2020;18.96
1084910491869-01;501980;invoiced;USD;81.2;81,2;19/12/2020;19/12/2020;81.2
1084922008161-01;501986;invoiced;USD;40.85;40,85;19/12/2020;19/12/2020;40.85
1084952474977-01;502032;invoiced;USD;44.94;44,94;19/12/2020;19/12/2020;44.94
1084750415778-01;501858;invoiced;USD;18.96;18,96;19/12/2020;19/12/2020;18.96
1084863065107-01;501912;invoiced;USD;75.87;75,87;19/12/2020;19/12/2020;75.87
1084743451120-01;501838;invoiced;USD;89.75;89,75;19/12/2020;19/12/2020;89.75
1084771488774-01;501886;invoiced;USD;26.44;26,44;19/12/2020;19/12/2020;26.44
1084792392227-01;501888;invoiced;USD;67.31;67,31;19/12/2020;19/12/2020;67.31
1084790598964-01;501890;invoiced;USD;41.4;41,4;19/12/2020;19/12/2020;41.4
1084862456704-01;501904;invoiced;USD;29.68;29,68;19/12/2020;19/12/2020;29.68
1084862886665-01;501910;invoiced;USD;33.96;33,96;19/12/2020;19/12/2020;33.96
1084841442087-01;501898;invoiced;USD;25.06;25,06;19/12/2020;19/12/2020;25.06
1084763563689-01;501870;invoiced;USD;26.44;26,44;19/12/2020;19/12/2020;26.44
1084733158040-01;501818;invoiced;USD;44.88;44,88;19/12/2020;19/12/2020;44.88
1084730683672-01;501824;invoiced;USD;33.74;33,74;19/12/2020;19/12/2020;33.74
1084732759933-01;501814;invoiced;USD;44.88;44,88;19/12/2020;19/12/2020;44.88
1084720629658-01;501808;invoiced;USD;48.36;48,36;19/12/2020;19/12/2020;48.36
1084743108501-01;501836;invoiced;USD;18.98;18,98;19/12/2020;19/12/2020;18.98
1084730109608-01;501820;invoiced;USD;29.66;29,66;19/12/2020;19/12/2020;29.66
1084720378878-01;501806;invoiced;USD;74.47;74,47;19/12/2020;19/12/2020;74.47
1084911828815-01;501976;invoiced;USD;18.96;18,96;19/12/2020;19/12/2020;18.96
1084900938881-01;501974;invoiced;USD;18.96;18,96;19/12/2020;19/12/2020;18.96
1084880746426-01;501952;invoiced;USD;81.63;81,63;19/12/2020;19/12/2020;81.63
1084883127712-01;501940;invoiced;USD;29.68;29,68;19/12/2020;19/12/2020;29.68
1084881104219-01;501958;invoiced;USD;37.6;37,6;19/12/2020;19/12/2020;37.6
1084871502443-01;501932;invoiced;USD;34.42;34,42;19/12/2020;19/12/2020;34.42
1084883309452-01;501942;invoiced;USD;44.91;44,91;19/12/2020;19/12/2020;44.91
1084880501378-01;501950;invoiced;USD;97.23;97,23;19/12/2020;19/12/2020;97.23
1084882779493-01;501938;invoiced;USD;34.42;34,42;19/12/2020;19/12/2020;34.42
1084882153168-01;501936;invoiced;USD;18.96;18,96;19/12/2020;19/12/2020;18.96
1084880863196-01;501956;invoiced;USD;18.98;18,98;19/12/2020;19/12/2020;18.98
1084870361220-01;501928;invoiced;USD;31.82;31,82;19/12/2020;19/12/2020;31.82
1084900183194-01;501972;invoiced;USD;52.36;52,36;19/12/2020;19/12/2020;52.36
1084902704971-01;501968;invoiced;USD;78.75;78,75;19/12/2020;19/12/2020;78.75
1084892199210-01;501962;invoiced;USD;117.91;117,91;19/12/2020;19/12/2020;117.91
1084911730238-01;501984;invoiced;USD;18.96;18,96;19/12/2020;19/12/2020;18.96
1084870902827-01;501930;invoiced;USD;70.12;70,12;19/12/2020;19/12/2020;70.12
1084940276877-01;502012;invoiced;USD;24.19;24,19;19/12/2020;19/12/2020;24.19
1084950185108-01;502038;invoiced;USD;41.4;41,4;19/12/2020;19/12/2020;41.4
1084950610135-01;502040;invoiced;USD;33.92;33,92;19/12/2020;19/12/2020;33.92
1084951912491-01;502024;invoiced;USD;52.4;52,4;19/12/2020;19/12/2020;52.4
1084952516251-01;502034;invoiced;USD;26.94;26,94;19/12/2020;19/12/2020;26.94
1084951768350-01;502044;invoiced;USD;19.46;19,46;19/12/2020;19/12/2020;19.46
1084940735043-01;502016;invoiced;USD;41.92;41,92;19/12/2020;19/12/2020;41.92
1084941215157-01;502020;invoiced;USD;48.88;48,88;19/12/2020;19/12/2020;48.88
1084931656120-01;502006;invoiced;USD;26.44;26,44;19/12/2020;19/12/2020;26.44
1084930095533-01;502004;invoiced;USD;28.34;28,34;19/12/2020;19/12/2020;28.34
1084933336959-01;502000;invoiced;USD;33.92;33,92;19/12/2020;19/12/2020;33.92
1084922364205-01;501988;invoiced;USD;82.39;82,39;19/12/2020;19/12/2020;82.39
1084960188533-01;502046;invoiced;USD;30.75;30,75;20/12/2020;20/12/2020;30.75
1085112955833-01;502124;invoiced;USD;59.83;59,83;20/12/2020;20/12/2020;59.83
1085112646202-01;502122;invoiced;USD;67.78;67,78;20/12/2020;20/12/2020;67.78
1085122003854-01;502130;invoiced;USD;44.72;44,72;20/12/2020;20/12/2020;44.72
1084981902589-01;502058;invoiced;USD;41.4;41,4;20/12/2020;20/12/2020;41.4
1084981522591-01;502068;invoiced;USD;18.96;18,96;20/12/2020;20/12/2020;18.96
1084981633203-01;502070;invoiced;USD;59.89;59,89;20/12/2020;20/12/2020;59.89
1084970073423-01;502054;invoiced;USD;26.47;26,47;20/12/2020;20/12/2020;26.47
1084983241396-01;502060;invoiced;USD;41.44;41,44;20/12/2020;20/12/2020;41.44
1084981793521-01;502072;invoiced;USD;17.46;17,46;20/12/2020;20/12/2020;17.46
1085002814236-01;502086;invoiced;USD;80.76;80,76;20/12/2020;20/12/2020;80.76
1085060631219-01;502102;invoiced;USD;107.35;107,35;20/12/2020;20/12/2020;107.35
1085080357542-01;502104;invoiced;USD;52.43;52,43;20/12/2020;20/12/2020;52.43
1085090630098-01;502106;invoiced;USD;65.59;65,59;20/12/2020;20/12/2020;65.59
1085102097382-01;502110;invoiced;USD;70.53;70,53;20/12/2020;20/12/2020;70.53
1085102957972-01;502112;invoiced;USD;41.9;41,9;20/12/2020;20/12/2020;41.9
1085091782210-01;502108;invoiced;USD;44.62;44,62;20/12/2020;20/12/2020;44.62
1085141525925-01;502184;invoiced;USD;18.96;18,96;20/12/2020;20/12/2020;18.96
1085151076618-01;502206;invoiced;USD;97.32;97,32;20/12/2020;20/12/2020;97.32
1085160249280-01;502222;invoiced;USD;68.44;68,44;20/12/2020;20/12/2020;68.44
1085131222526-01;502162;invoiced;USD;114.65;114,65;20/12/2020;20/12/2020;114.65
1085142675789-01;502168;invoiced;USD;18.96;18,96;20/12/2020;20/12/2020;18.96
1085140835806-01;502178;invoiced;USD;26.44;26,44;20/12/2020;20/12/2020;26.44
1085152632172-01;502194;invoiced;USD;67.31;67,31;20/12/2020;20/12/2020;67.31
1085162886927-01;502214;invoiced;USD;18.96;18,96;20/12/2020;20/12/2020;18.96
1085162364373-01;502208;invoiced;USD;67.31;67,31;20/12/2020;20/12/2020;67.31
1085171137794-01;502242;invoiced;USD;26.94;26,94;20/12/2020;20/12/2020;26.94
1085171526207-01;502244;invoiced;USD;33.92;33,92;20/12/2020;20/12/2020;33.92
1085172946700-01;502232;invoiced;USD;26.44;26,44;20/12/2020;20/12/2020;26.44
1085142795178-01;502170;invoiced;USD;26.44;26,44;20/12/2020;20/12/2020;26.44
1085153273942-01;502196;invoiced;USD;18.96;18,96;20/12/2020;20/12/2020;18.96
1085141411560-01;502180;invoiced;USD;44.91;44,91;20/12/2020;20/12/2020;44.91
1085140482224-01;502176;invoiced;USD;26.44;26,44;20/12/2020;20/12/2020;26.44
1085141454073-01;502182;invoiced;USD;18.96;18,96;20/12/2020;20/12/2020;18.96
1085152404227-01;502190;invoiced;USD;26.47;26,47;20/12/2020;20/12/2020;26.47
1085150235421-01;502202;invoiced;USD;57.78;57,78;20/12/2020;20/12/2020;57.78
1085131578766-01;502164;invoiced;USD;60.02;60,02;20/12/2020;20/12/2020;60.02
1085132818197-01;502152;invoiced;USD;57.78;57,78;20/12/2020;20/12/2020;57.78
1085180496743-01;502268;invoiced;USD;18.96;18,96;20/12/2020;20/12/2020;18.96
1085202064865-01;502294;invoiced;USD;18.96;18,96;20/12/2020;20/12/2020;18.96
1085182378907-01;502256;invoiced;USD;44.94;44,94;20/12/2020;20/12/2020;44.94
1085171669682-01;502248;invoiced;USD;44;44;20/12/2020;20/12/2020;44
1085171566013-01;502246;invoiced;USD;110.81;110,81;20/12/2020;20/12/2020;110.81
1085181980841-01;502250;invoiced;USD;37.12;37,12;20/12/2020;20/12/2020;37.12
1085191082148-01;502288;invoiced;USD;18.96;18,96;20/12/2020;20/12/2020;18.96
1085192119740-01;502274;invoiced;USD;29.64;29,64;20/12/2020;20/12/2020;29.64
1085183271189-01;502262;invoiced;USD;58.86;58,86;20/12/2020;20/12/2020;58.86
1085183584747-01;502266;invoiced;USD;18.96;18,96;20/12/2020;20/12/2020;18.96
1085192652383-01;502280;invoiced;USD;44.88;44,88;20/12/2020;20/12/2020;44.88
1085011912090-01;502092;invoiced;USD;56.5;56,5;20/12/2020;20/12/2020;56.5
1085120674062-01;502142;invoiced;USD;56.42;56,42;20/12/2020;20/12/2020;56.42
1085121085883-01;502144;invoiced;USD;33.92;33,92;20/12/2020;20/12/2020;33.92
1085163516993-01;502220;invoiced;USD;89.75;89,75;20/12/2020;20/12/2020;89.75
1085163109884-01;502216;invoiced;USD;38.63;38,63;20/12/2020;20/12/2020;38.63
1085163156740-01;502218;invoiced;USD;26.94;26,94;20/12/2020;20/12/2020;26.94
1084991103462-01;502080;invoiced;USD;44.94;44,94;20/12/2020;20/12/2020;44.94
1084990789572-01;502078;invoiced;USD;26.47;26,47;20/12/2020;20/12/2020;26.47
1084993359159-01;502074;invoiced;USD;33.92;33,92;20/12/2020;20/12/2020;33.92
1084980485483-01;502062;invoiced;USD;33.92;33,92;20/12/2020;20/12/2020;33.92
1084990336634-01;502076;invoiced;USD;41.4;41,4;20/12/2020;20/12/2020;41.4
1085001577913-01;502090;invoiced;USD;33.93;33,93;20/12/2020;20/12/2020;33.93
1085003598327-01;502088;invoiced;USD;73.32;73,32;20/12/2020;20/12/2020;73.32
1085011551900-01;502094;invoiced;USD;18.96;18,96;20/12/2020;20/12/2020;18.96
1085121407918-01;502146;invoiced;USD;33.92;33,92;20/12/2020;20/12/2020;33.92
1084972345160-01;502052;invoiced;USD;18.96;18,96;20/12/2020;20/12/2020;18.96
1084961568436-01;502048;invoiced;USD;18.96;18,96;20/12/2020;20/12/2020;18.96
1084961640443-01;502050;invoiced;USD;33.92;33,92;20/12/2020;20/12/2020;33.92
1084970869645-01;502056;invoiced;USD;48.1;48,1;20/12/2020;20/12/2020;48.1
1084980851333-01;502064;invoiced;USD;18.98;18,98;20/12/2020;20/12/2020;18.98
1084981035073-01;502066;invoiced;USD;33.92;33,92;20/12/2020;20/12/2020;33.92
1085123155477-01;502138;invoiced;USD;88.81;88,81;20/12/2020;20/12/2020;88.81
1085142656602-01;502166;invoiced;USD;41.4;41,4;20/12/2020;20/12/2020;41.4
1085152514595-01;502192;invoiced;USD;18.96;18,96;20/12/2020;20/12/2020;18.96
1085143426838-01;502174;invoiced;USD;64.69;64,69;20/12/2020;20/12/2020;64.69
1085132536635-01;502148;invoiced;USD;25.4;25,4;20/12/2020;20/12/2020;25.4
1085120527428-01;502140;invoiced;USD;26.44;26,44;20/12/2020;20/12/2020;26.44
1085130603897-01;502154;invoiced;USD;90.25;90,25;20/12/2020;20/12/2020;90.25
1085132635130-01;502150;invoiced;USD;85.31;85,31;20/12/2020;20/12/2020;85.31
1085143338049-01;502172;invoiced;USD;18.97;18,97;20/12/2020;20/12/2020;18.97
1085023268104-01;502098;invoiced;USD;74.79;74,79;20/12/2020;20/12/2020;74.79
1085112205820-01;502120;invoiced;USD;82.27;82,27;20/12/2020;20/12/2020;82.27
1085111150640-01;502128;invoiced;USD;29.64;29,64;20/12/2020;20/12/2020;29.64
1085122488911-01;502136;invoiced;USD;18.96;18,96;20/12/2020;20/12/2020;18.96
1085110325017-01;502126;invoiced;USD;44.88;44,88;20/12/2020;20/12/2020;44.88
1085111972905-01;502118;invoiced;USD;41.4;41,4;20/12/2020;20/12/2020;41.4
1085173510432-01;502236;invoiced;USD;26.44;26,44;20/12/2020;20/12/2020;26.44
1085171803936-01;502226;invoiced;USD;26.44;26,44;20/12/2020;20/12/2020;26.44
1085192407946-01;502276;invoiced;USD;44.02;44,02;20/12/2020;20/12/2020;44.02
1085202863653-01;502300;invoiced;USD;18.96;18,96;20/12/2020;20/12/2020;18.96
1085160299573-01;502224;invoiced;USD;26.44;26,44;20/12/2020;20/12/2020;26.44
1085193066124-01;502282;invoiced;USD;33.96;33,96;20/12/2020;20/12/2020;33.96
1085202172103-01;502296;invoiced;USD;32.32;32,32;20/12/2020;20/12/2020;32.32
1085201967856-01;502290;invoiced;USD;57.21;57,21;20/12/2020;20/12/2020;57.21
1085182717128-01;502258;invoiced;USD;52.43;52,43;20/12/2020;20/12/2020;52.43
1085183288245-01;502264;invoiced;USD;26.47;26,47;20/12/2020;20/12/2020;26.47
1085182736713-01;502260;invoiced;USD;67.31;67,31;20/12/2020;20/12/2020;67.31
1085202516620-01;502298;invoiced;USD;41.4;41,4;20/12/2020;20/12/2020;41.4
1085201980856-01;502292;invoiced;USD;67.04;67,04;20/12/2020;20/12/2020;67.04
1085153434475-01;502198;invoiced;USD;26.94;26,94;20/12/2020;20/12/2020;26.94
1085162648415-01;502210;invoiced;USD;41.45;41,45;20/12/2020;20/12/2020;41.45
1085151041353-01;502204;invoiced;USD;45.05;45,05;20/12/2020;20/12/2020;45.05
1085150190480-01;502200;invoiced;USD;104.73;104,73;20/12/2020;20/12/2020;104.73
1085162683882-01;502212;invoiced;USD;18.96;18,96;20/12/2020;20/12/2020;18.96
1085212266291-01;502314;invoiced;USD;18.96;18,96;21/12/2020;21/12/2020;18.96
1085210546825-01;502326;invoiced;USD;33.92;33,92;21/12/2020;21/12/2020;33.92
1085420302332-01;502556;invoiced;USD;71.38;71,38;21/12/2020;21/12/2020;71.38
1085421752718-01;502558;invoiced;USD;38.78;38,78;21/12/2020;21/12/2020;38.78
1085233308961-01;502390;invoiced;USD;18.96;18,96;21/12/2020;21/12/2020;18.96
1085232802188-01;502388;invoiced;USD;46.78;46,78;21/12/2020;21/12/2020;46.78
1085231822721-01;502372;invoiced;USD;26.44;26,44;21/12/2020;21/12/2020;26.44
1085223401165-01;502352;invoiced;USD;47.11;47,11;21/12/2020;21/12/2020;47.11
1085220747907-01;502356;invoiced;USD;33.92;33,92;21/12/2020;21/12/2020;33.92
1085222006401-01;502344;invoiced;USD;45.05;45,05;21/12/2020;21/12/2020;45.05
1085210994424-01;502334;invoiced;USD;30.38;30,38;21/12/2020;21/12/2020;30.38
1085210244826-01;502322;invoiced;USD;97.23;97,23;21/12/2020;21/12/2020;97.23
1085241971015-01;502402;invoiced;USD;27.29;27,29;21/12/2020;21/12/2020;27.29
1085241998954-01;502404;invoiced;USD;26.44;26,44;21/12/2020;21/12/2020;26.44
1085200918462-01;502310;invoiced;USD;18.98;18,98;21/12/2020;21/12/2020;18.98
1085200615508-01;502306;invoiced;USD;44.88;44,88;21/12/2020;21/12/2020;44.88
1085212960646-01;502318;invoiced;USD;18.96;18,96;21/12/2020;21/12/2020;18.96
1085200323521-01;502302;invoiced;USD;33.92;33,92;21/12/2020;21/12/2020;33.92
1085201711979-01;502312;invoiced;USD;29.04;29,04;21/12/2020;21/12/2020;29.04
1085242919974-01;502422;invoiced;USD;37.65;37,65;21/12/2020;21/12/2020;37.65
1085241717396-01;502462;invoiced;USD;17.46;17,46;21/12/2020;21/12/2020;17.46
1085241586158-01;502460;invoiced;USD;18.97;18,97;21/12/2020;21/12/2020;18.97
1085353319953-01;502544;invoiced;USD;73.19;73,19;21/12/2020;21/12/2020;73.19
1085340836652-01;502542;invoiced;USD;67.41;67,41;21/12/2020;21/12/2020;67.41
1085330867528-01;502540;invoiced;USD;71.64;71,64;21/12/2020;21/12/2020;71.64
1085350079296-01;502548;invoiced;USD;41.4;41,4;21/12/2020;21/12/2020;41.4
1085351164963-01;502550;invoiced;USD;18.96;18,96;21/12/2020;21/12/2020;18.96
1085221529610-01;502370;invoiced;USD;26.44;26,44;21/12/2020;21/12/2020;26.44
1085212369126-01;502316;invoiced;USD;48.88;48,88;21/12/2020;21/12/2020;48.88
1085210821227-01;502330;invoiced;USD;33.94;33,94;21/12/2020;21/12/2020;33.94
1085221499059-01;502368;invoiced;USD;54.86;54,86;21/12/2020;21/12/2020;54.86
1085211443830-01;502338;invoiced;USD;45.98;45,98;21/12/2020;21/12/2020;45.98
1085210780379-01;502328;invoiced;USD;33.92;33,92;21/12/2020;21/12/2020;33.92
1085213328129-01;502320;invoiced;USD;44.88;44,88;21/12/2020;21/12/2020;44.88
1085211728421-01;502342;invoiced;USD;18.96;18,96;21/12/2020;21/12/2020;18.96
1085223049401-01;502348;invoiced;USD;18.96;18,96;21/12/2020;21/12/2020;18.96
1085252052330-01;502482;invoiced;USD;18.96;18,96;21/12/2020;21/12/2020;18.96
1085260178728-01;502536;invoiced;USD;26.94;26,94;21/12/2020;21/12/2020;26.94
1085251921163-01;502474;invoiced;USD;44.94;44,94;21/12/2020;21/12/2020;44.94
1085350017061-01;502546;invoiced;USD;74.79;74,79;21/12/2020;21/12/2020;74.79
1085240089736-01;502428;invoiced;USD;134.63;134,63;21/12/2020;21/12/2020;134.63
1085410294823-01;502554;invoiced;USD;23.12;23,12;21/12/2020;21/12/2020;23.12
1085410060613-01;502552;invoiced;USD;54.89;54,89;21/12/2020;21/12/2020;54.89
1085231087769-01;502394;invoiced;USD;33.96;33,96;21/12/2020;21/12/2020;33.96
1085233511235-01;502392;invoiced;USD;35.02;35,02;21/12/2020;21/12/2020;35.02
1085661035458-01;502574;invoiced;USD;41.88;41,88;22/12/2020;22/12/2020;41.88
1085623427287-01;502570;invoiced;USD;15.13;15,13;22/12/2020;22/12/2020;15.13
1085602054108-01;502564;invoiced;USD;45.16;45,16;22/12/2020;22/12/2020;45.16
1085673473776-01;502576;invoiced;USD;49.21;49,21;22/12/2020;22/12/2020;49.21
1085650688931-01;502572;invoiced;USD;31.82;31,82;22/12/2020;22/12/2020;31.82
1085623158154-01;502568;invoiced;USD;55.64;55,64;22/12/2020;22/12/2020;55.64
1085450021988-01;502560;invoiced;USD;75.76;75,76;22/12/2020;22/12/2020;75.76
1085591634505-01;502562;invoiced;USD;129.34;129,34;22/12/2020;22/12/2020;129.34
1085682977329-01;502578;invoiced;USD;48.79;48,79;22/12/2020;22/12/2020;48.79
1085723538650-01;502584;invoiced;USD;32.89;32,89;23/12/2020;23/12/2020;32.89
1085863276302-01;502594;invoiced;USD;42.82;42,82;23/12/2020;23/12/2020;42.82
1085881881574-01;502598;invoiced;USD;42.82;42,82;23/12/2020;23/12/2020;42.82
1085881229947-01;502602;invoiced;USD;25.41;25,41;23/12/2020;23/12/2020;25.41
1085900790319-01;502618;invoiced;USD;24.17;24,17;23/12/2020;23/12/2020;24.17
1085903101305-01;502612;invoiced;USD;48.16;48,16;23/12/2020;23/12/2020;48.16
1085900293509-01;502614;invoiced;USD;42.82;42,82;23/12/2020;23/12/2020;42.82
1085901438965-01;502620;invoiced;USD;42.82;42,82;23/12/2020;23/12/2020;42.82
1085922060419-01;502628;invoiced;USD;25.41;25,41;23/12/2020;23/12/2020;25.41
1085922441463-01;502630;invoiced;USD;25.41;25,41;23/12/2020;23/12/2020;25.41
1085910888011-01;502624;invoiced;USD;75.98;75,98;23/12/2020;23/12/2020;75.98
1085853194504-01;502588;invoiced;USD;38.23;38,23;23/12/2020;23/12/2020;38.23
1085853234393-01;502590;invoiced;USD;25.41;25,41;23/12/2020;23/12/2020;25.41
1085861118559-01;502596;invoiced;USD;171.29;171,29;23/12/2020;23/12/2020;171.29
1085850366193-01;502592;invoiced;USD;23.23;23,23;23/12/2020;23/12/2020;23.23
1085882091324-01;502600;invoiced;USD;56.19;56,19;23/12/2020;23/12/2020;56.19
1085890394594-01;502608;invoiced;USD;25.41;25,41;23/12/2020;23/12/2020;25.41
1085892686329-01;502606;invoiced;USD;42.82;42,82;23/12/2020;23/12/2020;42.82
1085710031158-01;502580;invoiced;USD;22.62;22,62;23/12/2020;23/12/2020;22.62
1085902511812-01;502610;invoiced;USD;23.26;23,26;23/12/2020;23/12/2020;23.26
1086162117146-01;502848;invoiced;USD;50.02;50,02;24/12/2020;24/12/2020;50.02
1086112196275-01;502784;invoiced;USD;171.29;171,29;24/12/2020;24/12/2020;171.29
1086111410039-01;502796;invoiced;USD;46.82;46,82;24/12/2020;24/12/2020;46.82
1086122904985-01;502807;invoiced;USD;25.41;25,41;24/12/2020;24/12/2020;25.41
1086151898648-01;502842;invoiced;USD;25.41;25,41;24/12/2020;24/12/2020;25.41
1086141739485-01;502838;invoiced;USD;42.82;42,82;24/12/2020;24/12/2020;42.82
1086121945156-01;502798;invoiced;USD;25.41;25,41;24/12/2020;24/12/2020;25.41
1086091377796-01;502780;invoiced;USD;25.41;25,41;24/12/2020;24/12/2020;25.41
1086091028586-01;502778;invoiced;USD;25.41;25,41;24/12/2020;24/12/2020;25.41
1086141490443-01;502836;invoiced;USD;25.41;25,41;24/12/2020;24/12/2020;25.41
1086143340714-01;502818;invoiced;USD;25.41;25,41;24/12/2020;24/12/2020;25.41
1086140684160-01;502834;invoiced;USD;25.41;25,41;24/12/2020;24/12/2020;25.41
1086140157130-01;502824;invoiced;USD;25.41;25,41;24/12/2020;24/12/2020;25.41
1086081026403-01;502770;invoiced;USD;36.83;36,83;24/12/2020;24/12/2020;36.83
1086080326413-01;502766;invoiced;USD;42.82;42,82;24/12/2020;24/12/2020;42.82
1085942004143-01;502682;invoiced;USD;42.82;42,82;24/12/2020;24/12/2020;42.82
1085931345324-01;502678;invoiced;USD;42.82;42,82;24/12/2020;24/12/2020;42.82
1085930723371-01;502672;invoiced;USD;42.82;42,82;24/12/2020;24/12/2020;42.82
1085940824717-01;502696;invoiced;USD;64.23;64,23;24/12/2020;24/12/2020;64.23
1085950266384-01;502704;invoiced;USD;67.61;67,61;24/12/2020;24/12/2020;67.61
1085951480593-01;502712;invoiced;USD;25.41;25,41;24/12/2020;24/12/2020;25.41
1085963166850-01;502714;invoiced;USD;42.82;42,82;24/12/2020;24/12/2020;42.82
1085950907800-01;502706;invoiced;USD;25.41;25,41;24/12/2020;24/12/2020;25.41
1085972384329-01;502716;invoiced;USD;25.41;25,41;24/12/2020;24/12/2020;25.41
1085972717042-01;502718;invoiced;USD;43.12;43,12;24/12/2020;24/12/2020;43.12
1086040354382-01;502726;invoiced;USD;85.64;85,64;24/12/2020;24/12/2020;85.64
1085920981837-01;502636;invoiced;USD;25.41;25,41;24/12/2020;24/12/2020;25.41
1085930010213-01;502666;invoiced;USD;25.41;25,41;24/12/2020;24/12/2020;25.41
1085933552163-01;502662;invoiced;USD;25.41;25,41;24/12/2020;24/12/2020;25.41
1086060446441-01;502734;invoiced;USD;41.43;41,43;24/12/2020;24/12/2020;41.43
1086050762798-01;502730;invoiced;USD;25.41;25,41;24/12/2020;24/12/2020;25.41
1086072543245-01;502742;invoiced;USD;25.41;25,41;24/12/2020;24/12/2020;25.41
1086083455924-01;502762;invoiced;USD;48.79;48,79;24/12/2020;24/12/2020;48.79
1086081499737-01;502772;invoiced;USD;16.82;16,82;24/12/2020;24/12/2020;16.82
1086082529181-01;502750;invoiced;USD;42.82;42,82;24/12/2020;24/12/2020;42.82
1086083100486-01;502758;invoiced;USD;25.41;25,41;24/12/2020;24/12/2020;25.41
1086041752726-01;502728;invoiced;USD;25.41;25,41;24/12/2020;24/12/2020;25.41
1086112120378-01;502782;invoiced;USD;50.02;50,02;24/12/2020;24/12/2020;50.02
1086093272824-01;502776;invoiced;USD;25.41;25,41;24/12/2020;24/12/2020;25.41
1086080953329-01;502768;invoiced;USD;42.82;42,82;24/12/2020;24/12/2020;42.82
1086110082984-01;502786;invoiced;USD;31.82;31,82;24/12/2020;24/12/2020;31.82
1086152541719-01;502844;invoiced;USD;25.41;25,41;24/12/2020;24/12/2020;25.41
1086153520516-01;502846;invoiced;USD;25.41;25,41;24/12/2020;24/12/2020;25.41
1086110546381-01;502788;invoiced;USD;18.4;18,4;24/12/2020;24/12/2020;18.4
1086111177834-01;502792;invoiced;USD;25.41;25,41;24/12/2020;24/12/2020;25.41
1086133483966-01;502814;invoiced;USD;46.82;46,82;24/12/2020;24/12/2020;46.82
1086121947597-01;502800;invoiced;USD;64.23;64,23;24/12/2020;24/12/2020;64.23
1086122044883-01;502802;invoiced;USD;28.61;28,61;24/12/2020;24/12/2020;28.61
1086140350879-01;502826;invoiced;USD;25.41;25,41;24/12/2020;24/12/2020;25.41
1086142966569-01;502816;invoiced;USD;25.41;25,41;24/12/2020;24/12/2020;25.41
1086092445021-01;502774;invoiced;USD;71.11;71,11;24/12/2020;24/12/2020;71.11
1086061579299-01;502738;invoiced;USD;25.41;25,41;24/12/2020;24/12/2020;25.41
1085941161572-01;502698;invoiced;USD;25.41;25,41;24/12/2020;24/12/2020;25.41
1085940616712-01;502694;invoiced;USD;25.41;25,41;24/12/2020;24/12/2020;25.41
1085933536218-01;502660;invoiced;USD;46.82;46,82;24/12/2020;24/12/2020;46.82
1085931021708-01;502674;invoiced;USD;50.08;50,08;24/12/2020;24/12/2020;50.08
1085930009162-01;502664;invoiced;USD;42.82;42,82;24/12/2020;24/12/2020;42.82
1085921569083-01;502642;invoiced;USD;48.44;48,44;24/12/2020;24/12/2020;48.44
1085931292265-01;502676;invoiced;USD;25.41;25,41;24/12/2020;24/12/2020;25.41
1085942114391-01;502684;invoiced;USD;25.41;25,41;24/12/2020;24/12/2020;25.41
1085942721102-01;502690;invoiced;USD;25.41;25,41;24/12/2020;24/12/2020;25.41
1085942336525-01;502688;invoiced;USD;41.43;41,43;24/12/2020;24/12/2020;41.43
1085943345534-01;502692;invoiced;USD;25.41;25,41;24/12/2020;24/12/2020;25.41
1085950915052-01;502708;invoiced;USD;48.16;48,16;24/12/2020;24/12/2020;48.16
1085952366408-01;502700;invoiced;USD;28.61;28,61;24/12/2020;24/12/2020;28.61
1085970247986-01;502720;invoiced;USD;42.82;42,82;24/12/2020;24/12/2020;42.82
1085982630341-01;502722;invoiced;USD;25.41;25,41;24/12/2020;24/12/2020;25.41
1085990362724-01;502724;invoiced;USD;64.98;64,98;24/12/2020;24/12/2020;64.98
1086063051901-01;502732;invoiced;USD;42.82;42,82;24/12/2020;24/12/2020;42.82
1086072357001-01;502740;invoiced;USD;25.41;25,41;24/12/2020;24/12/2020;25.41
1086060682359-01;502736;invoiced;USD;25.41;25,41;24/12/2020;24/12/2020;25.41
1086082615213-01;502754;invoiced;USD;41.43;41,43;24/12/2020;24/12/2020;41.43
1086082757057-01;502756;invoiced;USD;42.82;42,82;24/12/2020;24/12/2020;42.82
1086082536494-01;502752;invoiced;USD;42.82;42,82;24/12/2020;24/12/2020;42.82
1086083518373-01;502764;invoiced;USD;46.07;46,07;24/12/2020;24/12/2020;46.07
1086070446719-01;502744;invoiced;USD;25.41;25,41;24/12/2020;24/12/2020;25.41
1086372627697-01;502940;invoiced;USD;42.82;42,82;25/12/2020;25/12/2020;42.82
1086361534046-01;502938;invoiced;USD;97.8;97,8;25/12/2020;25/12/2020;97.8
1086393324420-01;502958;invoiced;USD;25.41;25,41;25/12/2020;25/12/2020;25.41
1086160247071-01;502850;invoiced;USD;25.41;25,41;25/12/2020;25/12/2020;25.41
1086170850335-01;502864;invoiced;USD;25.92;25,92;25/12/2020;25/12/2020;25.92
1086353395622-01;502932;invoiced;USD;25.41;25,41;25/12/2020;25/12/2020;25.41
1086390644983-01;502964;invoiced;USD;25.41;25,41;25/12/2020;25/12/2020;25.41
1086402031188-01;502972;invoiced;USD;42.82;42,82;25/12/2020;25/12/2020;42.82
1086403046089-01;502980;invoiced;USD;25.41;25,41;25/12/2020;25/12/2020;25.41
1086403068720-01;502982;invoiced;USD;25.41;25,41;25/12/2020;25/12/2020;25.41
1086161041690-01;502854;invoiced;USD;16.84;16,84;25/12/2020;25/12/2020;16.84
1086181608508-01;502870;invoiced;USD;25.92;25,92;25/12/2020;25/12/2020;25.92
1086232472056-01;502880;invoiced;USD;25.41;25,41;25/12/2020;25/12/2020;25.41
1086331369435-01;502914;invoiced;USD;25.41;25,41;25/12/2020;25/12/2020;25.41
1086331298796-01;502912;invoiced;USD;27.1;27,1;25/12/2020;25/12/2020;27.1
1086331181393-01;502910;invoiced;USD;25.41;25,41;25/12/2020;25/12/2020;25.41
1086341546205-01;502924;invoiced;USD;64.23;64,23;25/12/2020;25/12/2020;64.23
1086381458755-01;502950;invoiced;USD;42.82;42,82;25/12/2020;25/12/2020;42.82
1086371741463-01;502944;invoiced;USD;25.41;25,41;25/12/2020;25/12/2020;25.41
1086310266935-01;502898;invoiced;USD;25.41;25,41;25/12/2020;25/12/2020;25.41
1086301184944-01;502896;invoiced;USD;25.41;25,41;25/12/2020;25/12/2020;25.41
1086273280479-01;502892;invoiced;USD;25.92;25,92;25/12/2020;25/12/2020;25.92
1086352106561-01;502930;invoiced;USD;28.61;28,61;25/12/2020;25/12/2020;28.61
1086352007264-01;502928;invoiced;USD;25.41;25,41;25/12/2020;25/12/2020;25.41
1086242263549-01;502886;invoiced;USD;25.41;25,41;25/12/2020;25/12/2020;25.41
1086230541953-01;502884;invoiced;USD;25.38;25,38;25/12/2020;25/12/2020;25.38
1086220952647-01;502878;invoiced;USD;25.41;25,41;25/12/2020;25/12/2020;25.41
1086402132365-01;502974;invoiced;USD;41.88;41,88;25/12/2020;25/12/2020;41.88
1086402029217-01;502970;invoiced;USD;25.41;25,41;25/12/2020;25/12/2020;25.41
1086391736834-01;502966;invoiced;USD;25.41;25,41;25/12/2020;25/12/2020;25.41
1086161028971-01;502852;invoiced;USD;41.43;41,43;25/12/2020;25/12/2020;41.43
1086173435957-01;502860;invoiced;USD;25.41;25,41;25/12/2020;25/12/2020;25.41
1086303335014-01;502894;invoiced;USD;101.01;101,01;25/12/2020;25/12/2020;101.01
1086371198250-01;502942;invoiced;USD;214.11;214,11;25/12/2020;25/12/2020;214.11
1086350991392-01;502934;invoiced;USD;64.22;64,22;25/12/2020;25/12/2020;64.22
1086360286248-01;502936;invoiced;USD;25.41;25,41;25/12/2020;25/12/2020;25.41
1086202496022-01;502872;invoiced;USD;25.41;25,41;25/12/2020;25/12/2020;25.41
1086211402537-01;502876;invoiced;USD;25.41;25,41;25/12/2020;25/12/2020;25.41
1086170387400-01;502862;invoiced;USD;25.92;25,92;25/12/2020;25/12/2020;25.92
1086183260323-01;502866;invoiced;USD;148.72;148,72;25/12/2020;25/12/2020;148.72
1086180787599-01;502868;invoiced;USD;46.82;46,82;25/12/2020;25/12/2020;46.82
1086242653188-01;502890;invoiced;USD;85.64;85,64;25/12/2020;25/12/2020;85.64
1086381538222-01;502952;invoiced;USD;25.41;25,41;25/12/2020;25/12/2020;25.41
1086382304539-01;502946;invoiced;USD;23.23;23,23;25/12/2020;25/12/2020;23.23
1086161397462-01;502856;invoiced;USD;25.41;25,41;25/12/2020;25/12/2020;25.41
1086242509189-01;502888;invoiced;USD;25.41;25,41;25/12/2020;25/12/2020;25.41
1086330317553-01;502906;invoiced;USD;25.41;25,41;25/12/2020;25/12/2020;25.41
1086331079682-01;502908;invoiced;USD;25.41;25,41;25/12/2020;25/12/2020;25.41
1086340679456-01;502922;invoiced;USD;64.23;64,23;25/12/2020;25/12/2020;64.23
1086341571882-01;502926;invoiced;USD;25.41;25,41;25/12/2020;25/12/2020;25.41
1086402881495-01;502976;invoiced;USD;25.41;25,41;25/12/2020;25/12/2020;25.41
1086330271047-01;502904;invoiced;USD;36.05;36,05;25/12/2020;25/12/2020;36.05
1086343018499-01;502918;invoiced;USD;25.41;25,41;25/12/2020;25/12/2020;25.41
1086343097963-01;502920;invoiced;USD;25.41;25,41;25/12/2020;25/12/2020;25.41
1086603398382-01;503120;invoiced;USD;25.41;25,41;26/12/2020;26/12/2020;25.41
1086602724369-01;503118;invoiced;USD;25.41;25,41;26/12/2020;26/12/2020;25.41
1086561870482-01;503046;invoiced;USD;25.92;25,92;26/12/2020;26/12/2020;25.92
1086562057406-01;503048;invoiced;USD;25.41;25,41;26/12/2020;26/12/2020;25.41
1086551386539-01;503042;invoiced;USD;42.82;42,82;26/12/2020;26/12/2020;42.82
1086551585500-01;503044;invoiced;USD;25.41;25,41;26/12/2020;26/12/2020;25.41
1086571383141-01;503074;invoiced;USD;69.4;69,4;26/12/2020;26/12/2020;69.4
1086570507813-01;503068;invoiced;USD;60.98;60,98;26/12/2020;26/12/2020;60.98
1086570514727-01;503070;invoiced;USD;25.41;25,41;26/12/2020;26/12/2020;25.41
1086572202074-01;503060;invoiced;USD;25.41;25,41;26/12/2020;26/12/2020;25.41
1086561518295-01;503056;invoiced;USD;69.72;69,72;26/12/2020;26/12/2020;69.72
1086572011790-01;503058;invoiced;USD;25.92;25,92;26/12/2020;26/12/2020;25.92
1086481665593-01;503032;invoiced;USD;25.41;25,41;26/12/2020;26/12/2020;25.41
1086553074963-01;503036;invoiced;USD;64.23;64,23;26/12/2020;26/12/2020;64.23
1086563404497-01;503050;invoiced;USD;42.82;42,82;26/12/2020;26/12/2020;42.82
1086560180060-01;503052;invoiced;USD;85.64;85,64;26/12/2020;26/12/2020;85.64
1086583187518-01;503088;invoiced;USD;25.41;25,41;26/12/2020;26/12/2020;25.41
1086581899242-01;503084;invoiced;USD;42.82;42,82;26/12/2020;26/12/2020;42.82
1086581881655-01;503082;invoiced;USD;42.82;42,82;26/12/2020;26/12/2020;42.82
1086571569565-01;503078;invoiced;USD;38.23;38,23;26/12/2020;26/12/2020;38.23
1086593148323-01;503104;invoiced;USD;25.41;25,41;26/12/2020;26/12/2020;25.41
1086580837328-01;503100;invoiced;USD;25.41;25,41;26/12/2020;26/12/2020;25.41
1086412591556-01;502990;invoiced;USD;43.24;43,24;26/12/2020;26/12/2020;43.24
1086430537500-01;503018;invoiced;USD;62.07;62,07;26/12/2020;26/12/2020;62.07
1086412456119-01;502988;invoiced;USD;25.41;25,41;26/12/2020;26/12/2020;25.41
1086423065768-01;503002;invoiced;USD;25.41;25,41;26/12/2020;26/12/2020;25.41
1086423417656-01;503004;invoiced;USD;241.93;241,93;26/12/2020;26/12/2020;241.93
1086441125228-01;503026;invoiced;USD;42.82;42,82;26/12/2020;26/12/2020;42.82
1086450751402-01;503028;invoiced;USD;25.41;25,41;26/12/2020;26/12/2020;25.41
1086442314164-01;503024;invoiced;USD;25.41;25,41;26/12/2020;26/12/2020;25.41
1086481174329-01;503030;invoiced;USD;64.23;64,23;26/12/2020;26/12/2020;64.23
1086423551245-01;503006;invoiced;USD;42.82;42,82;26/12/2020;26/12/2020;42.82
1086623063043-01;503162;invoiced;USD;107.05;107,05;26/12/2020;26/12/2020;107.05
1086411146400-01;503000;invoiced;USD;25.41;25,41;26/12/2020;26/12/2020;25.41
1086610761317-01;503154;invoiced;USD;16.82;16,82;26/12/2020;26/12/2020;16.82
1086410391041-01;502996;invoiced;USD;52.1;52,1;26/12/2020;26/12/2020;52.1
1086622250323-01;503156;invoiced;USD;42.52;42,52;26/12/2020;26/12/2020;42.52
1086632340296-01;503176;invoiced;USD;46.82;46,82;26/12/2020;26/12/2020;46.82
1086421562331-01;503012;invoiced;USD;36.83;36,83;26/12/2020;26/12/2020;36.83
1086433175506-01;503016;invoiced;USD;25.92;25,92;26/12/2020;26/12/2020;25.92
1086631946621-01;503172;invoiced;USD;25.41;25,41;26/12/2020;26/12/2020;25.41
1086620522892-01;503164;invoiced;USD;64.23;64,23;26/12/2020;26/12/2020;64.23
1086630906677-01;503184;invoiced;USD;25.41;25,41;26/12/2020;26/12/2020;25.41
1086631252604-01;503186;invoiced;USD;64.23;64,23;26/12/2020;26/12/2020;64.23
1086633318067-01;503178;invoiced;USD;25.41;25,41;26/12/2020;26/12/2020;25.41
1086632147107-01;503174;invoiced;USD;25.41;25,41;26/12/2020;26/12/2020;25.41
1086631568786-01;503188;invoiced;USD;42.82;42,82;26/12/2020;26/12/2020;42.82
1086642029204-01;503192;invoiced;USD;25.41;25,41;26/12/2020;26/12/2020;25.41
1086631748547-01;503190;invoiced;USD;25.41;25,41;26/12/2020;26/12/2020;25.41
1086583209458-01;503090;invoiced;USD;64.23;64,23;26/12/2020;26/12/2020;64.23
1086590575718-01;503112;invoiced;USD;42.82;42,82;26/12/2020;26/12/2020;42.82
1086600031400-01;503124;invoiced;USD;56.88;56,88;26/12/2020;26/12/2020;56.88
1086601068274-01;503126;invoiced;USD;25.41;25,41;26/12/2020;26/12/2020;25.41
1086613375527-01;503140;invoiced;USD;25.41;25,41;26/12/2020;26/12/2020;25.41
1086612713027-01;503134;invoiced;USD;42.82;42,82;26/12/2020;26/12/2020;42.82
1086613537302-01;503142;invoiced;USD;25.41;25,41;26/12/2020;26/12/2020;25.41
1086610265759-01;503150;invoiced;USD;75.76;75,76;26/12/2020;26/12/2020;75.76
1086400909283-01;502984;invoiced;USD;25.41;25,41;26/12/2020;26/12/2020;25.41
1086401400824-01;502986;invoiced;USD;48.56;48,56;26/12/2020;26/12/2020;48.56
1086412706672-01;502994;invoiced;USD;45.81;45,81;26/12/2020;26/12/2020;45.81
1086410618381-01;502998;invoiced;USD;25.41;25,41;26/12/2020;26/12/2020;25.41
1086420005236-01;503010;invoiced;USD;53.52;53,52;26/12/2020;26/12/2020;53.52
1086423591267-01;503008;invoiced;USD;25.92;25,92;26/12/2020;26/12/2020;25.92
1086551302548-01;503040;invoiced;USD;25.41;25,41;26/12/2020;26/12/2020;25.41
1086570045794-01;503066;invoiced;USD;25.92;25,92;26/12/2020;26/12/2020;25.92
1086571535650-01;503076;invoiced;USD;25.41;25,41;26/12/2020;26/12/2020;25.41
1086583216601-01;503092;invoiced;USD;42.82;42,82;26/12/2020;26/12/2020;42.82
1086583505280-01;503094;invoiced;USD;25.92;25,92;26/12/2020;26/12/2020;25.92
1086593281097-01;503106;invoiced;USD;25.41;25,41;26/12/2020;26/12/2020;25.41
1086602059928-01;503116;invoiced;USD;25.41;25,41;26/12/2020;26/12/2020;25.41
1086543085473-01;503034;invoiced;USD;25.41;25,41;26/12/2020;26/12/2020;25.41
1086550354467-01;503038;invoiced;USD;107.05;107,05;26/12/2020;26/12/2020;107.05
1086412698803-01;502992;invoiced;USD;25.41;25,41;26/12/2020;26/12/2020;25.41
1086561322992-01;503054;invoiced;USD;25.41;25,41;26/12/2020;26/12/2020;25.41
1086601329503-01;503128;invoiced;USD;25.41;25,41;26/12/2020;26/12/2020;25.41
1086603405553-01;503122;invoiced;USD;25.41;25,41;26/12/2020;26/12/2020;25.41
1086610131220-01;503148;invoiced;USD;25.41;25,41;26/12/2020;26/12/2020;25.41
1086612309288-01;503132;invoiced;USD;25.41;25,41;26/12/2020;26/12/2020;25.41
1086621704059-01;503170;invoiced;USD;42.82;42,82;26/12/2020;26/12/2020;42.82
1086642145826-01;503194;invoiced;USD;25.41;25,41;26/12/2020;26/12/2020;25.41
1086610396365-01;503152;invoiced;USD;46.05;46,05;26/12/2020;26/12/2020;46.05
1086622444892-01;503158;invoiced;USD;25.41;25,41;26/12/2020;26/12/2020;25.41
1086621246386-01;503166;invoiced;USD;72.77;72,77;26/12/2020;26/12/2020;72.77
1086630463848-01;503180;invoiced;USD;143.62;143,62;26/12/2020;26/12/2020;143.62
1086433062822-01;503014;invoiced;USD;25.41;25,41;26/12/2020;26/12/2020;25.41
1086441941701-01;503022;invoiced;USD;25.41;25,41;26/12/2020;26/12/2020;25.41
1086431070828-01;503020;invoiced;USD;26.54;26,54;26/12/2020;26/12/2020;26.54
1086663045954-01;503220;invoiced;USD;25.41;25,41;27/12/2020;27/12/2020;25.41
1086671926771-01;503234;invoiced;USD;42.82;42,82;27/12/2020;27/12/2020;42.82
1086672449536-01;503236;invoiced;USD;25.41;25,41;27/12/2020;27/12/2020;25.41
1086771604110-01;503278;invoiced;USD;25.41;25,41;27/12/2020;27/12/2020;25.41
1086770929872-01;503276;invoiced;USD;25.41;25,41;27/12/2020;27/12/2020;25.41
1086831260922-01;503370;invoiced;USD;25.41;25,41;27/12/2020;27/12/2020;25.41
1086841969533-01;503378;invoiced;USD;42.82;42,82;27/12/2020;27/12/2020;42.82
1086842395913-01;503380;invoiced;USD;35.05;35,05;27/12/2020;27/12/2020;35.05
1086842698724-01;503382;invoiced;USD;25.41;25,41;27/12/2020;27/12/2020;25.41
1086862919357-01;503416;invoiced;USD;25.41;25,41;27/12/2020;27/12/2020;25.41
1086850734986-01;503410;invoiced;USD;25.41;25,41;27/12/2020;27/12/2020;25.41
1086853575214-01;503408;invoiced;USD;25.41;25,41;27/12/2020;27/12/2020;25.41
1086861430107-01;503418;invoiced;USD;73.19;73,19;27/12/2020;27/12/2020;73.19
1086831680610-01;503372;invoiced;USD;25.92;25,92;27/12/2020;27/12/2020;25.92
1086840110976-01;503384;invoiced;USD;25.41;25,41;27/12/2020;27/12/2020;25.41
1086841222538-01;503388;invoiced;USD;23.26;23,26;27/12/2020;27/12/2020;23.26
1086852692554-01;503398;invoiced;USD;44.18;44,18;27/12/2020;27/12/2020;44.18
1086841702810-01;503396;invoiced;USD;34.8;34,8;27/12/2020;27/12/2020;34.8
1086841360086-01;503392;invoiced;USD;25.41;25,41;27/12/2020;27/12/2020;25.41
1086872388138-01;503426;invoiced;USD;42.82;42,82;27/12/2020;27/12/2020;42.82
1086872350717-01;503424;invoiced;USD;85.55;85,55;27/12/2020;27/12/2020;85.55
1086853305532-01;503402;invoiced;USD;42.82;42,82;27/12/2020;27/12/2020;42.82
1086883463683-01;503436;invoiced;USD;25.41;25,41;27/12/2020;27/12/2020;25.41
1086650250830-01;503208;invoiced;USD;25.41;25,41;27/12/2020;27/12/2020;25.41
1086653202326-01;503196;invoiced;USD;25.41;25,41;27/12/2020;27/12/2020;25.41
1086650423894-01;503212;invoiced;USD;23.26;23,26;27/12/2020;27/12/2020;23.26
1086650583959-01;503214;invoiced;USD;28.61;28,61;27/12/2020;27/12/2020;28.61
1086712195241-01;503264;invoiced;USD;44.27;44,27;27/12/2020;27/12/2020;44.27
1086713360640-01;503266;invoiced;USD;25.41;25,41;27/12/2020;27/12/2020;25.41
1086771733890-01;503280;invoiced;USD;25.41;25,41;27/12/2020;27/12/2020;25.41
1086792984580-01;503288;invoiced;USD;42.82;42,82;27/12/2020;27/12/2020;42.82
1086822534673-01;503340;invoiced;USD;25.41;25,41;27/12/2020;27/12/2020;25.41
1086800490379-01;503306;invoiced;USD;107.05;107,05;27/12/2020;27/12/2020;107.05
1086813309339-01;503318;invoiced;USD;25.41;25,41;27/12/2020;27/12/2020;25.41
1086810710339-01;503320;invoiced;USD;25.92;25,92;27/12/2020;27/12/2020;25.92
1086811165995-01;503324;invoiced;USD;42.52;42,52;27/12/2020;27/12/2020;42.52
1086822943397-01;503342;invoiced;USD;25.41;25,41;27/12/2020;27/12/2020;25.41
1086672953934-01;503238;invoiced;USD;25.41;25,41;27/12/2020;27/12/2020;25.41
1086770046144-01;503274;invoiced;USD;25.41;25,41;27/12/2020;27/12/2020;25.41
1086671802235-01;503232;invoiced;USD;16.82;16,82;27/12/2020;27/12/2020;16.82
1086791354292-01;503298;invoiced;USD;25.41;25,41;27/12/2020;27/12/2020;25.41
1086793213726-01;503294;invoiced;USD;25.41;25,41;27/12/2020;27/12/2020;25.41
1086802083883-01;503300;invoiced;USD;146.38;146,38;27/12/2020;27/12/2020;146.38
1086810806499-01;503322;invoiced;USD;18.33;18,33;27/12/2020;27/12/2020;18.33
1086830657253-01;503364;invoiced;USD;25.41;25,41;27/12/2020;27/12/2020;25.41
1086823322007-01;503348;invoiced;USD;25.41;25,41;27/12/2020;27/12/2020;25.41
1086830945845-01;503368;invoiced;USD;23.26;23,26;27/12/2020;27/12/2020;23.26
1086833582480-01;503360;invoiced;USD;25.41;25,41;27/12/2020;27/12/2020;25.41
1086793122172-01;503292;invoiced;USD;25.41;25,41;27/12/2020;27/12/2020;25.41
1086800951870-01;503310;invoiced;USD;42.82;42,82;27/12/2020;27/12/2020;42.82
1086793546179-01;503296;invoiced;USD;52.16;52,16;27/12/2020;27/12/2020;52.16
1086800461858-01;503304;invoiced;USD;25.41;25,41;27/12/2020;27/12/2020;25.41
1086803592073-01;503302;invoiced;USD;30.14;30,14;27/12/2020;27/12/2020;30.14
1086811944840-01;503314;invoiced;USD;25.41;25,41;27/12/2020;27/12/2020;25.41
1086801284998-01;503312;invoiced;USD;69;69;27/12/2020;27/12/2020;69
1086800756884-01;503308;invoiced;USD;25.92;25,92;27/12/2020;27/12/2020;25.92
1086823318420-01;503346;invoiced;USD;36.54;36,54;27/12/2020;27/12/2020;36.54
1086823152577-01;503344;invoiced;USD;23.26;23,26;27/12/2020;27/12/2020;23.26
1086831976905-01;503352;invoiced;USD;25.41;25,41;27/12/2020;27/12/2020;25.41
1086832154976-01;503354;invoiced;USD;23.26;23,26;27/12/2020;27/12/2020;23.26
1086821455430-01;503350;invoiced;USD;25.41;25,41;27/12/2020;27/12/2020;25.41
1086833310224-01;503358;invoiced;USD;25.41;25,41;27/12/2020;27/12/2020;25.41
1086870097495-01;503428;invoiced;USD;25.41;25,41;27/12/2020;27/12/2020;25.41
1086830743862-01;503366;invoiced;USD;25.41;25,41;27/12/2020;27/12/2020;25.41
1086853359233-01;503404;invoiced;USD;25.92;25,92;27/12/2020;27/12/2020;25.92
1086853017368-01;503400;invoiced;USD;25.92;25,92;27/12/2020;27/12/2020;25.92
1086831789015-01;503376;invoiced;USD;25.41;25,41;27/12/2020;27/12/2020;25.41
1086841698818-01;503394;invoiced;USD;25.41;25,41;27/12/2020;27/12/2020;25.41
1086841353159-01;503390;invoiced;USD;107.05;107,05;27/12/2020;27/12/2020;107.05
1086882775971-01;503432;invoiced;USD;46.82;46,82;27/12/2020;27/12/2020;46.82
1086861729393-01;503420;invoiced;USD;28.61;28,61;27/12/2020;27/12/2020;28.61
1086793110269-01;503290;canceled;USD;23.26;23,26;27/12/2020;27/12/2020;23.26
1086811239225-01;503326;invoiced;USD;41.43;41,43;27/12/2020;27/12/2020;41.43
1086813078920-01;503316;invoiced;USD;64.23;64,23;27/12/2020;27/12/2020;64.23
1086822187743-01;503332;invoiced;USD;25.41;25,41;27/12/2020;27/12/2020;25.41
1086822093851-01;503330;invoiced;USD;43.24;43,24;27/12/2020;27/12/2020;43.24
1086822415430-01;503336;invoiced;USD;25.41;25,41;27/12/2020;27/12/2020;25.41
1086822423882-01;503338;invoiced;USD;42.82;42,82;27/12/2020;27/12/2020;42.82
1086650117958-01;503204;invoiced;USD;25.41;25,41;27/12/2020;27/12/2020;25.41
1086653278540-01;503198;invoiced;USD;25.92;25,92;27/12/2020;27/12/2020;25.92
1086660514631-01;503224;invoiced;USD;25.41;25,41;27/12/2020;27/12/2020;25.41
1086650845179-01;503216;invoiced;USD;44.03;44,03;27/12/2020;27/12/2020;44.03
1086662356818-01;503218;invoiced;USD;36.11;36,11;27/12/2020;27/12/2020;36.11
1086653443593-01;503200;invoiced;USD;25.41;25,41;27/12/2020;27/12/2020;25.41
1086650346607-01;503210;invoiced;USD;112.29;112,29;27/12/2020;27/12/2020;112.29
1086773141580-01;503272;invoiced;USD;42.82;42,82;27/12/2020;27/12/2020;42.82
1086772971330-01;503268;invoiced;USD;42.74;42,74;27/12/2020;27/12/2020;42.74
1086781481669-01;503284;invoiced;USD;25.41;25,41;27/12/2020;27/12/2020;25.41
1086783210163-01;503282;invoiced;USD;31.82;31,82;27/12/2020;27/12/2020;31.82
1086660660695-01;503226;invoiced;USD;256.93;256,93;27/12/2020;27/12/2020;256.93
1086661569056-01;503230;invoiced;USD;25.41;25,41;27/12/2020;27/12/2020;25.41
1086702319729-01;503262;invoiced;USD;25.41;25,41;27/12/2020;27/12/2020;25.41
1086650164549-01;503206;invoiced;USD;31.82;31,82;27/12/2020;27/12/2020;31.82
1086661496383-01;503228;invoiced;USD;25.92;25,92;27/12/2020;27/12/2020;25.92
1086670337192-01;503242;invoiced;USD;25.41;25,41;27/12/2020;27/12/2020;25.41
1086681991970-01;503244;invoiced;USD;25.41;25,41;27/12/2020;27/12/2020;25.41
1086680548517-01;503256;invoiced;USD;15.54;15,54;27/12/2020;27/12/2020;15.54
1086680341475-01;503252;invoiced;USD;25.41;25,41;27/12/2020;27/12/2020;25.41
1086691309152-01;503260;invoiced;USD;31.82;31,82;27/12/2020;27/12/2020;31.82
1086880795712-01;503444;invoiced;USD;25.41;25,41;28/12/2020;28/12/2020;25.41
1086880759329-01;503442;invoiced;USD;25.41;25,41;28/12/2020;28/12/2020;25.41
1087043046693-01;503520;invoiced;USD;25.41;25,41;28/12/2020;28/12/2020;25.41
1086893073496-01;503458;invoiced;USD;25.41;25,41;28/12/2020;28/12/2020;25.41
1086891914728-01;503450;invoiced;USD;23.26;23,26;28/12/2020;28/12/2020;23.26
1086901002425-01;503476;invoiced;USD;64.23;64,23;28/12/2020;28/12/2020;64.23
1086890896738-01;503468;invoiced;USD;44.29;44,29;28/12/2020;28/12/2020;44.29
1086892384202-01;503456;invoiced;USD;25.41;25,41;28/12/2020;28/12/2020;25.41
1086893275943-01;503462;invoiced;USD;25.41;25,41;28/12/2020;28/12/2020;25.41
1086890073315-01;503466;invoiced;USD;25.41;25,41;28/12/2020;28/12/2020;25.41
1086893594785-01;503464;invoiced;USD;25.41;25,41;28/12/2020;28/12/2020;25.41
1086921837924-01;503488;invoiced;USD;42.52;42,52;28/12/2020;28/12/2020;42.52
1086932425312-01;503502;invoiced;USD;42.82;42,82;28/12/2020;28/12/2020;42.82
1086931246075-01;503508;invoiced;USD;41.88;41,88;28/12/2020;28/12/2020;41.88
1087070336918-01;503524;invoiced;USD;30.75;30,75;28/12/2020;28/12/2020;30.75
1087122009728-01;503528;invoiced;USD;40.37;40,37;28/12/2020;28/12/2020;40.37
1087102350790-01;503526;invoiced;USD;25.9;25,9;28/12/2020;28/12/2020;25.9
1087003561642-01;503512;invoiced;USD;42.82;42,82;28/12/2020;28/12/2020;42.82
1087052275802-01;503522;invoiced;USD;35.46;35,46;28/12/2020;28/12/2020;35.46
1087030348838-01;503518;invoiced;USD;167.49;167,49;28/12/2020;28/12/2020;167.49
1087033281850-01;503516;invoiced;USD;29.04;29,04;28/12/2020;28/12/2020;29.04
1087012788573-01;503514;invoiced;USD;42.82;42,82;28/12/2020;28/12/2020;42.82
1087123568868-01;503530;invoiced;USD;66.59;66,59;28/12/2020;28/12/2020;66.59
1086912848656-01;503480;invoiced;USD;23.26;23,26;28/12/2020;28/12/2020;23.26
1086913057869-01;503484;invoiced;USD;25.41;25,41;28/12/2020;28/12/2020;25.41
1086901100571-01;503478;invoiced;USD;50.02;50,02;28/12/2020;28/12/2020;50.02
1086900704250-01;503474;invoiced;USD;42.82;42,82;28/12/2020;28/12/2020;42.82
1086910719678-01;503486;invoiced;USD;46.82;46,82;28/12/2020;28/12/2020;46.82
1086932457346-01;503504;invoiced;USD;47.49;47,49;28/12/2020;28/12/2020;47.49
1086920564087-01;503496;invoiced;USD;96.77;96,77;28/12/2020;28/12/2020;96.77
1086933430923-01;503506;invoiced;USD;31.82;31,82;28/12/2020;28/12/2020;31.82
1086922376481-01;503494;invoiced;USD;104.03;104,03;28/12/2020;28/12/2020;104.03
1086922009488-01;503490;invoiced;USD;25.41;25,41;28/12/2020;28/12/2020;25.41
1086922090917-01;503492;invoiced;USD;25.41;25,41;28/12/2020;28/12/2020;25.41
1086880928639-01;503446;invoiced;USD;98.43;98,43;28/12/2020;28/12/2020;98.43
1086881612212-01;503448;invoiced;USD;25.41;25,41;28/12/2020;28/12/2020;25.41
1086880210715-01;503440;invoiced;USD;25.92;25,92;28/12/2020;28/12/2020;25.92
1086892232010-01;503454;invoiced;USD;112.74;112,74;28/12/2020;28/12/2020;112.74
1086903100951-01;503472;invoiced;USD;25.41;25,41;28/12/2020;28/12/2020;25.41
1086902302081-01;503470;invoiced;USD;25.41;25,41;28/12/2020;28/12/2020;25.41
1087153301148-01;503534;invoiced;USD;40.37;40,37;29/12/2020;29/12/2020;40.37
1087363297699-01;503550;invoiced;USD;63.56;63,56;29/12/2020;29/12/2020;63.56
1087282468258-01;503540;invoiced;USD;35.3;35,3;29/12/2020;29/12/2020;35.3
1087161103922-01;503536;invoiced;USD;74.88;74,88;29/12/2020;29/12/2020;74.88
1087153265904-01;503532;invoiced;USD;46.6;46,6;29/12/2020;29/12/2020;46.6
1087320237304-01;503548;invoiced;USD;85.34;85,34;29/12/2020;29/12/2020;85.34
1087313083623-01;503546;invoiced;USD;143.59;143,59;29/12/2020;29/12/2020;143.59
1087602881586-01;503556;handling;USD;50.08;50,08;30/12/2020;30/12/2020;50.08
1087382997975-01;503552;invoiced;USD;49.76;49,76;30/12/2020;30/12/2020;49.76
1087551385281-01;503554;invoiced;USD;29.04;29,04;30/12/2020;30/12/2020;29.04
1087761127208-01;503558;handling;USD;65.48;65,48;31/12/2020;31/12/2020;65.48
1087761179966-01;503560;handling;USD;84.85;84,85;31/12/2020;31/12/2020;84.85
1087811421422-01;503562;handling;USD;96.09;96,09;31/12/2020;31/12/2020;96.09
1087821835942-01;503564;handling;USD;26.26;26,26;31/12/2020;31/12/2020;26.26
1087820552946-01;503566;handling;USD;64.74;64,74;31/12/2020;31/12/2020;64.74
